"Data";"hora";"precp";"press";"pressmax";"pressmin";"RADIACAOGLOBALKjmÂ²";"TEMPERATURADOARBULBOSECOHORARIAÂC";"TEMPERATURADOPONTODEORVALHOÂC";"TEMPERATURAMÃXIMANAHORAANTAUTÂC";"TEMPERATURAMÃNIMANAHORAANTAUTÂC";"TEMPERATURAORVALHOMAXNAHORAANTAUTÂC";"TEMPERATURAORVALHOMINNAHORAANTAUTÂC";"UMIDADERELMAXNAHORAANTAUT";"UMIDADERELMINNAHORAANTAUT";"UMIDADERELATIVADOARHORARIA";"VENTODIREÃÃƒOHORARIAgrÂgr";"VENTORAJADAMAXIMAms";"VENTOVELOCIDADEHORARIAms";"dia";"mes";"ano"
"3625";2021-06-01;"0000 UTC";"0";"955,7";"955,9";"955,7";"";"17,3";"16,7";"17,4";"17,1";"16,8";"16,4";96;95;96;329;"0";"0";1;6;2021
"3626";2021-06-01;"0100 UTC";"0";"955,4";"955,7";"955,4";"";"16,9";"16,4";"17,3";"16,9";"16,7";"16,4";97;96;97;320;"1,3";",7";1;6;2021
"3627";2021-06-01;"0200 UTC";"0";"955,3";"955,5";"955,2";"";"17,1";"16,5";"17,5";"16,6";"17";"16,1";97;96;96;298;"2,7";",4";1;6;2021
"3628";2021-06-01;"0300 UTC";"0";"955,2";"955,4";"955,1";"";"16,6";"16";"17,2";"16,2";"16,7";"15,6";97;96;97;208;"1,7";",2";1;6;2021
"3629";2021-06-01;"0400 UTC";"0";"954,7";"955,1";"954,7";"";"16,5";"16";"16,8";"16,4";"16,3";"15,8";97;97;97;272;"3,2";"1,5";1;6;2021
"3630";2021-06-01;"0500 UTC";"0";"954,2";"954,7";"954,2";"";"16";"15,5";"16,5";"16";"16";"15,5";97;97;97;249;"3,7";",1";1;6;2021
"3631";2021-06-01;"0600 UTC";"0";"953,5";"954,2";"953,5";"";"16,5";"16,1";"16,5";"15,9";"16,1";"15,4";97;97;97;276;"3,4";"2";1;6;2021
"3632";2021-06-01;"0700 UTC";"0";"953,5";"953,5";"953,3";"";"15,7";"15,2";"16,7";"15,7";"16,2";"15,2";97;97;97;288;"4,3";"0";1;6;2021
"3633";2021-06-01;"0800 UTC";"0";"953,1";"953,5";"953";"";"15,3";"14,9";"15,7";"15,2";"15,2";"14,8";97;97;97;313;"3";",1";1;6;2021
"3634";2021-06-01;"0900 UTC";"0";"953,1";"953,2";"952,9";"";"15,3";"14,8";"15,5";"15,2";"15,1";"14,8";97;97;97;207;"2,2";",1";1;6;2021
"3635";2021-06-01;"1000 UTC";",2";"954,3";"954,3";"953,1";"10,5";"14,3";"13,9";"15,3";"14,1";"14,8";"13,7";97;97;97;97;"1,1";"0";1;6;2021
"3636";2021-06-01;"1100 UTC";"0";"954,9";"954,9";"954,3";"314";"15";"14,6";"15,3";"14,3";"14,8";"13,9";97;97;97;266;"2,5";",9";1;6;2021
"3637";2021-06-01;"1200 UTC";"0";"955,7";"955,7";"954,9";"357,5";"15,4";"15";"15,5";"14,9";"15,1";"14,5";97;97;97;230;"2,9";",7";1;6;2021
"3638";2021-06-01;"1300 UTC";"0";"955,7";"955,8";"955,6";"699,6";"17,2";"16,8";"17,2";"15,4";"16,8";"15";97;97;97;192;"3,9";"1,9";1;6;2021
"3639";2021-06-01;"1400 UTC";"0";"955,4";"955,7";"955,4";"1292";"18,9";"16,6";"18,9";"17,2";"17,8";"16,5";97;86;87;184;"4,6";"2";1;6;2021
"3640";2021-06-01;"1500 UTC";"0";"954,9";"955,5";"954,9";"1419,8";"20,1";"16,7";"20,2";"18,8";"17,2";"16";87;79;81;133;"4,1";"1,7";1;6;2021
"3641";2021-06-01;"1600 UTC";"0";"953,9";"954,9";"953,9";"2619";"21,2";"15,4";"21,5";"19,9";"16,8";"15,3";81;69;70;114;"5";"1,8";1;6;2021
"3642";2021-06-01;"1700 UTC";"0";"953,3";"953,9";"953,3";"2115,4";"21,5";"14,9";"22,8";"20,9";"16,9";"14,8";73;63;66;139;"4,7";"1,6";1;6;2021
"3643";2021-06-01;"1800 UTC";"0";"952,4";"953,3";"952,4";"1476,6";"22,7";"15,3";"23,1";"21,3";"16,1";"14,9";68;62;63;152;"4,6";"1,3";1;6;2021
"3644";2021-06-01;"1900 UTC";"0";"951,9";"952,4";"951,9";"1244";"23,1";"15,4";"23,6";"22,5";"15,9";"14,8";64;59;62;127;"3,8";"1,6";1;6;2021
"3645";2021-06-01;"2000 UTC";"0";"952";"952";"951,8";"518,3";"22,5";"15,2";"23,1";"22,5";"15,7";"14,9";64;60;63;148;"3,1";",8";1;6;2021
"3646";2021-06-01;"2100 UTC";"0";"952";"952,1";"952";"17,3";"19,7";"15,9";"22,5";"19,5";"16,2";"15";80;63;79;235;"2";"0";1;6;2021
"3647";2021-06-01;"2200 UTC";"0";"952,2";"952,2";"951,8";"";"19,6";"15,5";"20";"19,2";"16,6";"15,5";82;77;77;228;"2,1";"1";1;6;2021
"3648";2021-06-01;"2300 UTC";"0";"952,5";"952,6";"952,2";"";"18,9";"16,9";"19,6";"18,9";"16,9";"15,5";88;77;88;286;"4,3";"1,7";1;6;2021
"3649";2021-06-02;"0000 UTC";"0";"952,5";"952,6";"952,5";"";"18,3";"16,6";"18,9";"18,3";"17";"16,6";90;88;90;266;"4,3";",8";2;6;2021
"3650";2021-06-02;"0100 UTC";"0";"952,6";"952,6";"952,4";"";"17,8";"15,8";"18,3";"17,7";"16,6";"15,8";91;88;88;239;"2,7";"1,5";2;6;2021
"3651";2021-06-02;"0200 UTC";"0";"952,4";"952,6";"952,4";"";"17,9";"15";"18";"17,7";"15,8";"15";88;83;83;227;"3,9";"2,1";2;6;2021
"3652";2021-06-02;"0300 UTC";"0";"952,3";"952,5";"952,3";"";"18";"14,9";"18";"17,5";"15,1";"14,7";85;82;82;232;"4";"2,2";2;6;2021
"3653";2021-06-02;"0400 UTC";"0";"952,1";"952,3";"952,1";"";"17,7";"14,9";"18";"17,4";"14,9";"14,5";84;82;84;231;"4";"1,9";2;6;2021
"3654";2021-06-02;"0500 UTC";"0";"952,1";"952,3";"952";"";"17,7";"14,8";"17,9";"17,6";"14,9";"14,7";84;82;83;213;"3";",9";2;6;2021
"3655";2021-06-02;"0600 UTC";"0";"951,9";"952,1";"951,8";"";"17,9";"14,6";"18,1";"17,6";"14,9";"14,6";84;81;81;199;"3,6";",4";2;6;2021
"3656";2021-06-02;"0700 UTC";"0";"952";"952,1";"951,8";"";"16,7";"15,1";"17,9";"16,5";"15,3";"14,4";91;81;90;243;"1,5";",6";2;6;2021
"3657";2021-06-02;"0800 UTC";"0";"951,6";"952";"951,5";"";"16,8";"14,2";"17,4";"16,5";"15,4";"14,2";91;84;85;177;"2,8";",2";2;6;2021
"3658";2021-06-02;"0900 UTC";"0";"951,8";"951,8";"951,5";"";"16,3";"15";"16,8";"15,7";"15";"13,8";92;85;92;208;"2";",6";2;6;2021
"3659";2021-06-02;"1000 UTC";"0";"953,1";"953,1";"951,8";"8,8";"16,5";"14,6";"16,6";"16,1";"15";"14,2";92;88;89;233;"2,9";",2";2;6;2021
"3660";2021-06-02;"1100 UTC";"0";"954,2";"954,2";"953,1";"341,1";"19,6";"14,9";"19,6";"16,5";"15,2";"14,3";89;74;74;222;"2,2";",4";2;6;2021
"3661";2021-06-02;"1200 UTC";"0";"954,5";"954,6";"954,2";"1017,6";"20,8";"14,4";"20,8";"19,4";"15";"14,2";74;67;67;190;"3,5";"1,9";2;6;2021
"3662";2021-06-02;"1300 UTC";"0";"954,9";"954,9";"954,5";"1848,9";"22,2";"14,2";"23";"20,8";"15,4";"14";68;59;60;166;"5";"2,4";2;6;2021
"3663";2021-06-02;"1400 UTC";"0";"954,6";"954,9";"954,6";"2214,1";"24,2";"14,8";"24,3";"21,9";"15,6";"14";63;55;56;144;"5";"2,5";2;6;2021
"3664";2021-06-02;"1500 UTC";"0";"954";"954,6";"954";"2405,1";"24,7";"15";"25,7";"23,9";"15,7";"14,3";58;51;55;119;"6,1";"2,7";2;6;2021
"3665";2021-06-02;"1600 UTC";"0";"953,3";"954";"953,3";"1744,8";"25,1";"13,6";"26";"24,7";"15,1";"13,6";55;48;49;114;"6,1";"2,2";2;6;2021
"3666";2021-06-02;"1700 UTC";"0";"952,8";"953,3";"952,8";"2197,3";"26,7";"14,4";"27,4";"24,9";"15,3";"13,4";52;44;47;100;"5,9";"2,3";2;6;2021
"3667";2021-06-02;"1800 UTC";"0";"952,9";"952,9";"952,6";"1932,3";"27";"14,3";"27,6";"26,5";"15,1";"13,6";48;43;46;98;"6,5";"2,5";2;6;2021
"3668";2021-06-02;"1900 UTC";"0";"952,7";"952,9";"952,7";"1247,6";"27,1";"14,5";"27,4";"26,6";"14,7";"13,9";47;44;46;83;"5,7";"1";2;6;2021
"3669";2021-06-02;"2000 UTC";"0";"953";"953";"952,6";"493,2";"25,6";"14,6";"27,2";"25,6";"14,9";"14,1";51;45;51;120;"3,4";"1,4";2;6;2021
"3670";2021-06-02;"2100 UTC";"0";"953,5";"953,5";"953";"16,8";"22,3";"15,2";"25,6";"22,3";"15,3";"14,5";64;51;64;277;"3";"0";2;6;2021
"3671";2021-06-02;"2200 UTC";"0";"954,3";"954,3";"953,5";"";"21,3";"15,3";"22,5";"21,2";"15,6";"14,9";69;63;69;322;"0";"0";2;6;2021
"3672";2021-06-02;"2300 UTC";"0";"954,9";"954,9";"954,3";"";"21,4";"15,3";"21,6";"20,9";"16";"15,2";72;68;68;235;"0";"0";2;6;2021
"3673";2021-06-03;"0000 UTC";"0";"954,8";"955,1";"954,7";"";"21,1";"15,3";"21,5";"20,5";"15,6";"15,1";73;68;69;212;"0";"0";3;6;2021
"3674";2021-06-03;"0100 UTC";"0";"955,2";"955,2";"954,8";"";"20,2";"15,1";"21,2";"20,2";"15,3";"15";73;69;73;258;"1,7";"1";3;6;2021
"3675";2021-06-03;"0200 UTC";"0";"955,2";"955,4";"955,1";"";"20";"15,1";"20,6";"19,9";"15,4";"15";74;71;73;259;"1,7";"0";3;6;2021
"3676";2021-06-03;"0300 UTC";"0";"954,7";"955,2";"954,7";"";"19,6";"15";"20,4";"19,5";"15,2";"14,9";75;71;75;250;"0";"0";3;6;2021
"3677";2021-06-03;"0400 UTC";"0";"954,6";"954,9";"954,6";"";"17,5";"15,1";"19,6";"17,5";"15,1";"14,7";86;75;86;311;"2";"0";3;6;2021
"3678";2021-06-03;"0500 UTC";"0";"954,1";"954,6";"954,1";"";"18,2";"16";"18,2";"17";"16";"15";90;86;87;245;"2";",8";3;6;2021
"3679";2021-06-03;"0600 UTC";"0";"954";"954,1";"953,9";"";"19,1";"14,9";"19,3";"18,2";"16";"14,8";87;76;77;241;"2,6";"1,3";3;6;2021
"3680";2021-06-03;"0700 UTC";"0";"954,3";"954,3";"954";"";"18,9";"14,9";"19,5";"18,8";"15";"14,6";78;74;78;253;"2,3";"1";3;6;2021
"3681";2021-06-03;"0800 UTC";"0";"954,5";"954,6";"954,3";"";"17,4";"15,1";"19";"17,3";"15,1";"14,4";86;77;86;267;"1,9";"0";3;6;2021
"3682";2021-06-03;"0900 UTC";"0";"955,1";"955,1";"954,5";"";"16,8";"14,8";"18,1";"16,7";"15,4";"14,4";88;82;88;349;"2";"0";3;6;2021
"3683";2021-06-03;"1000 UTC";"0";"955,6";"955,6";"955,1";"7,1";"18";"15";"18,1";"16,3";"15,5";"14,5";91;82;82;256;"2,8";"1,7";3;6;2021
"3684";2021-06-03;"1100 UTC";"0";"956,3";"956,3";"955,6";"397,6";"20,6";"14,9";"21,1";"17,9";"16,6";"14,6";83;69;70;152;"2,8";"0";3;6;2021
"3685";2021-06-03;"1200 UTC";"0";"957";"957";"956,3";"1127,5";"22,5";"15,8";"22,8";"20,6";"16,2";"15";73;63;66;143;"2,3";"0";3;6;2021
"3686";2021-06-03;"1300 UTC";"0";"957,3";"957,3";"957";"1787,5";"25,7";"15,7";"25,7";"22,5";"16,1";"14,7";66;52;54;171;"2,5";",3";3;6;2021
"3687";2021-06-03;"1400 UTC";"0";"957,1";"957,3";"957,1";"2265,7";"26,8";"14,3";"26,8";"25,6";"15,9";"13,8";55;45;46;154;"3,6";"1,6";3;6;2021
"3688";2021-06-03;"1500 UTC";"0";"956,5";"957,1";"956,5";"2529,2";"27,5";"11,8";"28";"26,5";"14,7";"10,5";47;35;38;177;"4,3";"1,5";3;6;2021
"3689";2021-06-03;"1600 UTC";"0";"955,8";"956,6";"955,8";"2534,8";"28,1";"12,6";"28,4";"27,3";"14,9";"11,5";45;35;38;134;"4,3";"1,7";3;6;2021
"3690";2021-06-03;"1700 UTC";"0";"955";"955,8";"955";"2315,6";"28,6";"12,6";"28,8";"27,6";"12,6";"10,5";39;34;37;131;"4,8";"1,3";3;6;2021
"3691";2021-06-03;"1800 UTC";"0";"954,8";"955";"954,8";"1869,6";"28,8";"11,9";"29,2";"28";"13,2";"10,5";39;32;35;107;"3,5";",7";3;6;2021
"3692";2021-06-03;"1900 UTC";"0";"954,6";"954,8";"954,6";"1271,3";"28,3";"12,2";"28,8";"28,1";"12,9";"11,1";39;34;37;138;"4";",9";3;6;2021
"3693";2021-06-03;"2000 UTC";"0";"954,7";"954,7";"954,6";"502,7";"27";"12,4";"28,4";"27";"12,6";"10,6";40;34;40;76;"2,9";"0";3;6;2021
"3694";2021-06-03;"2100 UTC";"0";"955,1";"955,1";"954,7";"14,6";"23,7";"13,6";"27,1";"23,7";"13,6";"12,2";53;40;53;249;"2,2";"0";3;6;2021
"3695";2021-06-03;"2200 UTC";"0";"955,3";"955,3";"955,1";"";"23,3";"14,1";"23,7";"23,1";"14,3";"13,6";56;53;56;236;"1,6";"0";3;6;2021
"3696";2021-06-03;"2300 UTC";"0";"955,4";"955,4";"955,3";"";"22,8";"13,1";"23,3";"22,8";"14,1";"13,1";57;54;54;231;"1,8";",2";3;6;2021
"3697";2021-06-04;"0000 UTC";"0";"955,7";"955,7";"955,3";"";"22,2";"13,8";"22,8";"21,9";"13,9";"13";60;54;59;242;"3,2";"1,6";4;6;2021
"3698";2021-06-04;"0100 UTC";"0";"956";"956";"955,7";"";"21,6";"13,4";"22,3";"21,6";"13,8";"13,4";60;58;59;250;"3,2";"0";4;6;2021
"3699";2021-06-04;"0200 UTC";"0";"955,8";"956";"955,7";"";"21,4";"13,8";"21,6";"21,1";"13,9";"13,4";63;59;62;250;"0";"0";4;6;2021
"3700";2021-06-04;"0300 UTC";"0";"955,7";"955,8";"955,7";"";"21,2";"13,3";"21,5";"21";"13,8";"13,3";62;61;61;241;"3,4";"1,3";4;6;2021
"3701";2021-06-04;"0400 UTC";"0";"955,5";"955,7";"955,5";"";"20,2";"12,9";"21,3";"20,2";"13,3";"12,8";63;60;63;245;"3,1";"0";4;6;2021
"3702";2021-06-04;"0500 UTC";"0";"955,3";"955,5";"955,3";"";"20,7";"13,1";"20,9";"20,2";"13,2";"12,9";63;61;62;229;"3,8";"1,9";4;6;2021
"3703";2021-06-04;"0600 UTC";"0";"955,2";"955,3";"955,2";"";"20,6";"13";"21";"20,6";"13,2";"13";62;61;62;237;"4,4";"2,2";4;6;2021
"3704";2021-06-04;"0700 UTC";"0";"955,4";"955,4";"955,2";"";"21,1";"13";"21,3";"20,6";"13,1";"12,8";62;59;60;216;"4,9";"1,7";4;6;2021
"3705";2021-06-04;"0800 UTC";"0";"955,4";"955,5";"955,4";"";"20,5";"13,1";"21,2";"20,3";"13,2";"12,9";63;60;62;210;"6";"2,4";4;6;2021
"3706";2021-06-04;"0900 UTC";"0";"956";"956";"955,4";"";"20,1";"13,5";"20,6";"20";"13,5";"13,1";66;62;66;209;"6,4";"2,2";4;6;2021
"3707";2021-06-04;"1000 UTC";"0";"956,8";"956,8";"956";"6";"19,9";"13,7";"20,1";"19,9";"13,7";"13,5";68;66;68;219;"6,5";"2,3";4;6;2021
"3708";2021-06-04;"1100 UTC";"0";"957,5";"957,5";"956,8";"390,8";"21,2";"14,1";"21,2";"19,9";"14,1";"13,7";68;64;64;218;"8,2";"3,9";4;6;2021
"3709";2021-06-04;"1200 UTC";",2";"958,2";"958,2";"957,5";"1125,6";"22,5";"14,6";"22,6";"21,2";"14,7";"14,1";64;60;61;192;"9,2";"3,8";4;6;2021
"3710";2021-06-04;"1300 UTC";"0";"958,5";"958,5";"958,2";"1766,4";"24,4";"14,5";"24,5";"22,5";"14,9";"14,2";61;53;54;197;"7,9";"3,5";4;6;2021
"3711";2021-06-04;"1400 UTC";"0";"957,8";"958,5";"957,8";"2242,8";"26,4";"14,1";"26,7";"24,3";"15,1";"13,4";54;45;47;182;"7,1";"2,4";4;6;2021
"3712";2021-06-04;"1500 UTC";"0";"957,3";"957,9";"957,3";"2496,8";"27,3";"13,2";"27,3";"26,1";"14,2";"12,5";47;41;42;186;"7,4";"3,1";4;6;2021
"3713";2021-06-04;"1600 UTC";"0";"956,2";"957,3";"956,2";"2527,8";"27,8";"13,1";"28,2";"27";"13,8";"12,5";43;39;40;163;"6,3";"2,8";4;6;2021
"3714";2021-06-04;"1700 UTC";"0";"955,4";"956,2";"955,4";"2268,6";"28,2";"13";"28,7";"27,7";"14,1";"12,7";42;38;39;215;"6,3";"2,2";4;6;2021
"3715";2021-06-04;"1800 UTC";"0";"954,9";"955,4";"954,9";"1840,9";"27,9";"13,2";"28,6";"27,8";"14,1";"12,5";42;38;40;166;"5,9";"2,9";4;6;2021
"3716";2021-06-04;"1900 UTC";"0";"954,7";"954,9";"954,7";"1232,1";"27,7";"13,5";"28,2";"27,6";"14,2";"12,6";44;39;42;190;"6,1";"2,6";4;6;2021
"3717";2021-06-04;"2000 UTC";"0";"954,7";"954,8";"954,7";"489,9";"26,3";"14";"27,7";"26,3";"14,2";"13";47;41;47;197;"5,1";"2";4;6;2021
"3718";2021-06-04;"2100 UTC";"0";"954,8";"954,8";"954,7";"17,6";"24,1";"15";"26,3";"24,1";"15";"14";57;47;57;235;"4,1";"1";4;6;2021
"3719";2021-06-04;"2200 UTC";"0";"954,8";"954,8";"954,7";"";"23,5";"14,8";"24,2";"23,4";"15";"14,8";58;56;58;220;"4,2";"2,1";4;6;2021
"3720";2021-06-04;"2300 UTC";"0";"955";"955";"954,8";"";"23,4";"14,5";"23,6";"23,4";"14,8";"14,4";58;57;57;226;"5,5";"2,6";4;6;2021
"3721";2021-06-05;"0000 UTC";"0";"955,1";"955,1";"954,9";"";"22,7";"14,6";"23,4";"22,7";"14,8";"14,5";60;57;60;222;"5,8";"2,3";5;6;2021
"3722";2021-06-05;"0100 UTC";"0";"955,1";"955,1";"955";"";"22,4";"14,6";"22,8";"22,4";"14,8";"14,6";61;60;61;221;"7,1";"2,6";5;6;2021
"3723";2021-06-05;"0200 UTC";"0";"955,1";"955,2";"955,1";"";"22,3";"14,6";"22,5";"22,2";"14,7";"14,5";62;61;62;219;"7,2";"3,3";5;6;2021
"3724";2021-06-05;"0300 UTC";"0";"954,9";"955,1";"954,9";"";"22,2";"14,3";"22,4";"22,1";"14,6";"14,3";62;61;61;218;"6,9";"3,6";5;6;2021
"3725";2021-06-05;"0400 UTC";"0";"954,7";"954,9";"954,6";"";"22";"14";"22,2";"21,8";"14,3";"14";62;60;61;219;"7,8";"3,4";5;6;2021
"3726";2021-06-05;"0500 UTC";"0";"954,2";"954,7";"954,2";"";"21,9";"13,8";"22,2";"21,9";"14";"13,6";61;58;60;228;"7";"3,1";5;6;2021
"3727";2021-06-05;"0600 UTC";"0";"954";"954,2";"954";"";"21,4";"13,8";"21,9";"21,4";"14";"13,8";62;60;62;225;"6,2";"2,4";5;6;2021
"3728";2021-06-05;"0700 UTC";"0";"954";"954";"953,9";"";"21,5";"13,1";"21,7";"21,3";"13,8";"13,1";62;58;59;217;"6,3";"2,6";5;6;2021
"3729";2021-06-05;"0800 UTC";"0";"954";"954";"953,9";"";"21,2";"12,8";"21,6";"21,2";"13,1";"12,8";59;57;59;218;"6,3";"2,8";5;6;2021
"3730";2021-06-05;"0900 UTC";"0";"954,5";"954,5";"954";"";"20,9";"12,4";"21,2";"20,8";"12,8";"12,3";59;58;58;216;"6";"2,4";5;6;2021
"3731";2021-06-05;"1000 UTC";"0";"955,1";"955,1";"954,5";"6,8";"20,9";"11,8";"20,9";"20,6";"12,3";"11,8";58;56;56;209;"5,6";"2,4";5;6;2021
"3732";2021-06-05;"1100 UTC";"0";"955,8";"955,8";"955,1";"366,3";"22,3";"12";"22,3";"20,8";"12,2";"11,8";56;52;52;193;"5";"1,4";5;6;2021
"3733";2021-06-05;"1200 UTC";"0";"956,4";"956,4";"955,8";"1090,5";"23,7";"12";"23,7";"22,3";"12,3";"11,8";52;48;48;195;"5,7";"2,4";5;6;2021
"3734";2021-06-05;"1300 UTC";"0";"956,4";"956,6";"956,4";"1595,5";"24,2";"12,1";"25,2";"23,6";"13";"11,8";49;45;47;169;"6,7";"3,1";5;6;2021
"3735";2021-06-05;"1400 UTC";"0";"956,4";"956,5";"956,3";"1910,8";"25,7";"12";"26,2";"24,2";"13";"11,9";47;42;43;170;"8,5";"3,1";5;6;2021
"3736";2021-06-05;"1500 UTC";"0";"955,7";"956,4";"955,7";"2414,3";"26,5";"12,1";"27,2";"25,7";"13,4";"11,9";44;40;41;148;"6,5";"2,4";5;6;2021
"3737";2021-06-05;"1600 UTC";"0";"954,8";"955,7";"954,8";"2246,3";"27,5";"11,5";"28,1";"26,2";"12,7";"11,1";43;35;37;137;"6,7";"2,7";5;6;2021
"3738";2021-06-05;"1700 UTC";"0";"954";"954,8";"954";"1890,3";"27,9";"11,4";"28,4";"26,8";"13";"11,1";40;35;36;136;"6,9";"3";5;6;2021
"3739";2021-06-05;"1800 UTC";"0";"953,7";"954";"953,7";"1801,9";"28";"11,7";"28,7";"27,6";"12,5";"10,8";38;34;36;143;"7,7";"2,8";5;6;2021
"3740";2021-06-05;"1900 UTC";"0";"953,5";"953,7";"953,5";"1182,3";"28";"12,2";"28,4";"27,8";"12,7";"11,4";39;36;38;124;"7";"2";5;6;2021
"3741";2021-06-05;"2000 UTC";"0";"953,8";"953,8";"953,5";"436,7";"27,2";"12";"28,1";"27,2";"12,7";"11,6";39;36;39;151;"4,6";"0";5;6;2021
"3742";2021-06-05;"2100 UTC";"0";"954";"954";"953,8";"16,7";"25";"13,4";"27,2";"24,8";"13,4";"12";49;39;48;212;"4";"1,1";5;6;2021
"3743";2021-06-05;"2200 UTC";"0";"954,2";"954,2";"954";"";"23,8";"13,9";"25";"23,8";"13,9";"13,4";54;48;54;234;"4";",8";5;6;2021
"3744";2021-06-05;"2300 UTC";"0";"954,4";"954,4";"954,2";"";"23,3";"13,5";"23,9";"23,3";"13,9";"13,5";54;53;54;228;"4,2";",7";5;6;2021
"3745";2021-06-06;"0000 UTC";"0";"954,4";"954,4";"954,3";"";"22,7";"13,4";"23,3";"22,7";"13,6";"13,4";56;54;56;228;"3,9";",7";6;6;2021
"3746";2021-06-06;"0100 UTC";"0";"954,8";"954,8";"954,4";"";"21,1";"13,8";"22,7";"20,4";"13,9";"13";65;56;63;233;"2,7";"0";6;6;2021
"3747";2021-06-06;"0200 UTC";"0";"954,4";"954,8";"954,3";"";"22";"13,1";"22,1";"21,1";"13,7";"13,1";63;57;57;221;"4,2";"2,3";6;6;2021
"3748";2021-06-06;"0300 UTC";"0";"954";"954,5";"954";"";"21,8";"12,9";"22";"21,6";"13,1";"12,9";58;57;57;225;"4,2";"2,3";6;6;2021
"3749";2021-06-06;"0400 UTC";"0";"953,7";"954,1";"953,7";"";"21,5";"13";"21,9";"21,3";"13";"12,9";59;57;58;220;"3,8";"1,9";6;6;2021
"3750";2021-06-06;"0500 UTC";"0";"953,1";"953,8";"953";"";"20,8";"12,9";"21,7";"20,8";"12,9";"12,7";60;57;60;203;"4,1";"1,3";6;6;2021
"3751";2021-06-06;"0600 UTC";"0";"952,7";"953,1";"952,7";"";"20,9";"12,5";"21,1";"20,8";"12,9";"12,5";60;59;59;216;"4,4";"2,2";6;6;2021
"3752";2021-06-06;"0700 UTC";"0";"952,8";"952,8";"952,4";"";"20,2";"12";"21";"20,2";"12,5";"11,9";59;57;59;222;"4,4";"1,3";6;6;2021
"3753";2021-06-06;"0800 UTC";"0";"953";"953";"952,8";"";"20,1";"11,8";"20,4";"20,1";"12";"11,7";59;58;59;212;"3,3";",5";6;6;2021
"3754";2021-06-06;"0900 UTC";"0";"953,3";"953,3";"952,9";"";"19,3";"11,9";"20,2";"19,3";"11,9";"11,7";62;59;62;203;"3,2";"0";6;6;2021
"3755";2021-06-06;"1000 UTC";"0";"954";"954";"953,3";"15,5";"19,5";"11,7";"19,5";"18,8";"12,1";"11,7";65;61;61;189;"2,8";"1,1";6;6;2021
"3756";2021-06-06;"1100 UTC";"0";"954,6";"954,6";"954";"355,7";"21,4";"11,6";"21,4";"19,5";"11,8";"11,4";61;54;54;195;"3,1";"0";6;6;2021
"3757";2021-06-06;"1200 UTC";"0";"955,2";"955,2";"954,6";"1043,7";"23,4";"11,4";"23,5";"21,4";"11,8";"11,1";54;46;47;168;"4";"1,6";6;6;2021
"3758";2021-06-06;"1300 UTC";"0";"955,4";"955,5";"955,2";"1200,2";"24,1";"12";"24,3";"22,8";"12,5";"11";50;46;47;165;"3,6";"1,7";6;6;2021
"3759";2021-06-06;"1400 UTC";"0";"954,9";"955,4";"954,9";"1952,1";"25,8";"12,3";"25,8";"23,7";"12,3";"11";48;41;43;139;"5,4";"2";6;6;2021
"3760";2021-06-06;"1500 UTC";"0";"954,3";"954,9";"954,3";"2101,1";"26,6";"11,1";"26,7";"25,4";"12,8";"11";44;38;38;135;"6,2";"2,5";6;6;2021
"3761";2021-06-06;"1600 UTC";"0";"954,1";"954,3";"953,9";"1752,7";"23,7";"13,5";"28,2";"23,7";"14,8";"11,2";56;36;53;2;"9,5";"4,1";6;6;2021
"3762";2021-06-06;"1700 UTC";"0";"953,4";"954,1";"953,4";"1370,6";"21,9";"14,1";"24,4";"21,9";"14,1";"12,7";61;49;61;336;"11,7";"6";6;6;2021
"3763";2021-06-06;"1800 UTC";"0";"952,9";"953,5";"952,9";"559,4";"20,6";"14,4";"22";"20,5";"14,6";"14";68;61;68;308;"11,7";"3,6";6;6;2021
"3764";2021-06-06;"1900 UTC";"0";"952,4";"952,9";"952,4";"560,4";"20,4";"14,2";"20,8";"20,3";"14,5";"14,2";68;67;68;289;"9,9";"3,9";6;6;2021
"3765";2021-06-06;"2000 UTC";"0";"952,1";"952,4";"952,1";"190";"20,5";"14,2";"20,6";"20,3";"14,4";"14,2";68;67;67;274;"7,6";"2";6;6;2021
"3766";2021-06-06;"2100 UTC";"0";"952,5";"953";"952,1";"4,3";"19,1";"14,8";"20,5";"19,1";"14,8";"14,2";76;67;76;307;"9,3";"4";6;6;2021
"3767";2021-06-06;"2200 UTC";"0";"953";"953";"952,5";"";"18,5";"15";"19,1";"18,5";"15";"14,8";80;76;80;304;"10,3";"4";6;6;2021
"3768";2021-06-06;"2300 UTC";"0";"953,9";"954,1";"953";"";"17,3";"15,8";"18,5";"17,3";"15,9";"15";91;80;91;303;"10,9";"3,8";6;6;2021
"3769";2021-06-07;"0000 UTC";"0";"954";"954,1";"953,6";"";"16,8";"15,3";"17,3";"16,8";"15,8";"15,3";91;90;91;299;"10,2";"4";7;6;2021
"3770";2021-06-07;"0100 UTC";"0";"954,3";"954,6";"954";"";"16,9";"14,5";"17";"16,8";"15,3";"14,5";91;86;86;306;"9,7";"4";7;6;2021
"3771";2021-06-07;"0200 UTC";"0";"955,1";"955,1";"954,2";"";"16,7";"14,4";"17,1";"16,7";"14,5";"14,1";86;82;86;292;"10,9";"2,8";7;6;2021
"3772";2021-06-07;"0300 UTC";"0";"955,4";"955,4";"954,9";"";"16,1";"14,4";"16,8";"16,1";"14,5";"14,3";89;86;89;301;"7,3";"2,5";7;6;2021
"3773";2021-06-07;"0400 UTC";"0";"955,6";"956,2";"955,4";"";"15,6";"14,5";"16,1";"15,6";"14,6";"14,4";93;89;93;274;"7,7";"2,6";7;6;2021
"3774";2021-06-07;"0500 UTC";"0";"954,8";"955,6";"954,8";"";"15,7";"14,7";"15,8";"15,5";"14,7";"14,5";94;93;94;273;"7,2";"2,3";7;6;2021
"3775";2021-06-07;"0600 UTC";"0";"954,3";"954,8";"954,1";"";"15,7";"14,6";"15,9";"15,7";"14,8";"14,6";94;93;93;291;"6,2";"2,1";7;6;2021
"3776";2021-06-07;"0700 UTC";"0";"953,9";"954,3";"953,5";"";"16,2";"15";"16,2";"15,7";"15";"14,6";94;93;93;278;"7,1";"2,4";7;6;2021
"3777";2021-06-07;"0800 UTC";"0";"953,3";"953,9";"952,5";"";"16";"15";"16,2";"15,7";"15";"14,7";94;92;94;240;"7,4";"2,2";7;6;2021
"3778";2021-06-07;"0900 UTC";"0";"953";"953,5";"953";"";"15,9";"15,1";"16";"15,9";"15,1";"15";95;94;95;233;"5,4";"2,3";7;6;2021
"3779";2021-06-07;"1000 UTC";"0";"954,4";"954,7";"953";",6";"16,2";"15,3";"16,2";"15,9";"15,4";"15,1";95;94;94;290;"6,1";"2,1";7;6;2021
"3780";2021-06-07;"1100 UTC";"0";"954,9";"954,9";"954,2";"41,3";"15,8";"15,1";"16,2";"15,8";"15,3";"15";96;94;96;279;"4,5";"1,4";7;6;2021
"3781";2021-06-07;"1200 UTC";"0";"955,1";"955,3";"954,9";"190";"16,7";"15,9";"16,7";"15,8";"15,9";"15,1";96;95;95;212;"5";"2,6";7;6;2021
"3782";2021-06-07;"1300 UTC";"0";"956,1";"956,2";"955";"462,8";"16,9";"16,1";"17,3";"16,7";"16,4";"15,9";95;94;95;139;"6,1";"1,2";7;6;2021
"3783";2021-06-07;"1400 UTC";"0";"955,9";"956,2";"955,5";"475,2";"17,6";"16,8";"17,7";"16,8";"16,9";"16";95;95;95;200;"5,1";",7";7;6;2021
"3784";2021-06-07;"1500 UTC";"4,6";"954,7";"956";"954,7";"1285,2";"19,8";"17,3";"20,1";"17,5";"18,6";"16,6";95;86;86;207;"3,6";"1,2";7;6;2021
"3785";2021-06-07;"1600 UTC";"10,2";"953,8";"954,8";"953,6";"1445,3";"19,7";"17";"20,4";"19,4";"18";"16,2";88;79;84;179;"3,9";"1,9";7;6;2021
"3786";2021-06-07;"1700 UTC";",8";"953";"954,5";"953";"380,5";"18,8";"17,2";"19,9";"18,7";"17,2";"16,3";91;82;91;203;"5,3";"1,7";7;6;2021
"3787";2021-06-07;"1800 UTC";"3,2";"954,7";"955,2";"952,5";"359,7";"18,4";"17,3";"19,3";"18,4";"18,1";"17,2";94;91;94;69;"6,6";",6";7;6;2021
"3788";2021-06-07;"1900 UTC";"1";"953,2";"954,7";"953,1";"738,4";"19,8";"18,3";"19,9";"18,4";"18,8";"17,4";95;91;91;237;"4,2";"1,2";7;6;2021
"3789";2021-06-07;"2000 UTC";"0";"953,3";"953,3";"953";"240,8";"18,9";"17,6";"19,8";"18,9";"18,3";"17,5";93;90;92;214;"3,2";",8";7;6;2021
"3790";2021-06-07;"2100 UTC";"0";"953,2";"953,5";"953,1";"19,8";"17,9";"16,9";"18,9";"17,9";"17,6";"16,9";94;92;94;221;"3,4";"1,5";7;6;2021
"3791";2021-06-07;"2200 UTC";"0";"954,1";"954,1";"953,2";"";"17,6";"16,7";"17,9";"17,5";"16,9";"16,6";94;94;94;225;"2,7";",4";7;6;2021
"3792";2021-06-07;"2300 UTC";"0";"954,5";"954,6";"954,1";"";"17,7";"16,5";"17,8";"17,6";"16,8";"16,5";94;93;93;244;"2,8";"1,5";7;6;2021
"3793";2021-06-08;"0000 UTC";"0";"955,6";"955,6";"954,5";"";"17,2";"15,9";"17,7";"17,2";"16,5";"15,8";93;91;92;9;"3,1";",1";8;6;2021
"3794";2021-06-08;"0100 UTC";"0";"955,4";"955,8";"955,4";"";"17,4";"16,5";"17,4";"17";"16,5";"15,8";95;92;94;232;"1";"0";8;6;2021
"3795";2021-06-08;"0200 UTC";"0";"955,3";"955,4";"955,1";"";"17,3";"16,1";"17,6";"17,2";"16,5";"16";94;92;93;213;"2,9";",3";8;6;2021
"3796";2021-06-08;"0300 UTC";"0";"954,7";"955,5";"954,7";"";"17,4";"15,9";"17,5";"17,2";"16,2";"15,9";93;91;91;229;"4,3";"2,3";8;6;2021
"3797";2021-06-08;"0400 UTC";"0";"954,5";"954,8";"954,4";"";"17,3";"15,4";"17,4";"17,2";"15,8";"15,4";91;89;89;222;"5,4";"2";8;6;2021
"3798";2021-06-08;"0500 UTC";"0";"954";"954,6";"954";"";"17";"15,5";"17,3";"16,9";"15,5";"15,1";91;88;91;280;"4,1";",9";8;6;2021
"3799";2021-06-08;"0600 UTC";"0";"954,3";"954,4";"953,8";"";"16,6";"15,4";"17,1";"16,4";"15,5";"15,1";93;90;93;235;"3,4";"0";8;6;2021
"3800";2021-06-08;"0700 UTC";",2";"954,3";"954,3";"954";"";"16,9";"15,8";"16,9";"16,5";"15,8";"15,3";94;93;93;166;"2";"0";8;6;2021
"3801";2021-06-08;"0800 UTC";"0";"954,4";"954,7";"954,1";"";"16,6";"15,6";"16,9";"16,5";"15,8";"15,4";94;93;94;264;"1,5";",5";8;6;2021
"3802";2021-06-08;"0900 UTC";"0";"954,8";"955,2";"954,2";"";"16,2";"15,3";"17";"16,2";"15,8";"15,2";94;92;94;311;"6,6";"2,3";8;6;2021
"3803";2021-06-08;"1000 UTC";"0";"954,5";"954,8";"954,4";"2,6";"16,1";"15,4";"16,2";"15,9";"15,4";"15,2";96;94;96;270;"6,1";"1,4";8;6;2021
"3804";2021-06-08;"1100 UTC";",2";"955,3";"955,3";"954,5";"141,2";"17,3";"14,4";"17,3";"16,1";"15,7";"14,4";96;83;83;221;"7";"3,3";8;6;2021
"3805";2021-06-08;"1200 UTC";"0";"955,8";"955,8";"955,1";"349,2";"17,7";"14,4";"17,7";"17,2";"14,5";"14,2";83;81;81;161;"6,6";"1,8";8;6;2021
"3806";2021-06-08;"1300 UTC";"0";"955,9";"956,4";"955,8";"745,9";"18,6";"14,5";"18,6";"17,6";"15,2";"14,5";84;77;77;176;"7,1";"2,9";8;6;2021
"3807";2021-06-08;"1400 UTC";"0";"955,6";"956,3";"955,6";"1395";"19,4";"14,6";"19,7";"18,6";"14,7";"13,9";78;71;74;195;"9";"3,5";8;6;2021
"3808";2021-06-08;"1500 UTC";"0";"955,2";"955,9";"955,2";"1257,5";"19,8";"14,5";"19,9";"19";"14,7";"14";74;71;71;201;"7,2";"2,8";8;6;2021
"3809";2021-06-08;"1600 UTC";"0";"954,7";"955,4";"954,7";"1354,4";"20,3";"14,7";"20,3";"19,4";"14,9";"14";73;70;70;195;"6,1";"2,5";8;6;2021
"3810";2021-06-08;"1700 UTC";"0";"954,2";"954,7";"954,1";"1178";"20,2";"14,5";"20,6";"19,9";"14,9";"14,1";71;68;70;171;"5,5";"2,4";8;6;2021
"3811";2021-06-08;"1800 UTC";"0";"953,6";"954,2";"953,4";"1240,6";"20,9";"14,5";"21,7";"20,1";"15,2";"14,3";71;65;67;196;"5,4";"2,4";8;6;2021
"3812";2021-06-08;"1900 UTC";"0";"954,1";"954,2";"953,6";"749,8";"20,8";"14,7";"21";"20,6";"15";"14,4";69;67;68;165;"4,6";"1,7";8;6;2021
"3813";2021-06-08;"2000 UTC";"0";"953,6";"954,1";"953,4";"293,9";"19,8";"14,7";"20,8";"19,8";"14,8";"14,4";73;68;73;174;"4,3";"2";8;6;2021
"3814";2021-06-08;"2100 UTC";"0";"954,3";"954,3";"953,6";"12,6";"18,8";"14,7";"19,8";"18,8";"14,8";"14,7";77;73;77;188;"4,9";"1,8";8;6;2021
"3815";2021-06-08;"2200 UTC";"0";"954,3";"954,5";"954,2";"";"18,1";"14,8";"18,8";"18,1";"14,9";"14,7";81;77;81;193;"4,3";"1,8";8;6;2021
"3816";2021-06-08;"2300 UTC";"0";"954,8";"954,8";"954,2";"";"17,6";"14,9";"18,1";"17,6";"15";"14,7";85;81;85;205;"3,8";",9";8;6;2021
"3817";2021-06-09;"0000 UTC";"0";"955,3";"955,4";"954,7";"";"17,5";"15,2";"17,6";"17,3";"15,3";"15";87;85;86;257;"2,7";"1";9;6;2021
"3818";2021-06-09;"0100 UTC";"0";"955,5";"955,6";"955,2";"";"17,4";"14,9";"17,7";"17,3";"15,2";"14,7";86;84;85;260;"3,1";"1";9;6;2021
"3819";2021-06-09;"0200 UTC";"0";"955,4";"955,5";"955,3";"";"17,1";"14,6";"17,4";"17,1";"14,9";"14,6";86;85;85;208;"3,9";"1,4";9;6;2021
"3820";2021-06-09;"0300 UTC";"0";"955,3";"955,5";"955,3";"";"16,6";"14,6";"17,1";"16,6";"14,7";"14,5";88;85;88;189;"3";"1,1";9;6;2021
"3821";2021-06-09;"0400 UTC";"0";"955,4";"955,5";"955,3";"";"16,2";"14,4";"16,7";"16,2";"14,7";"14,4";89;88;89;201;"2,6";",5";9;6;2021
"3822";2021-06-09;"0500 UTC";"0";"954,6";"955,4";"954,6";"";"16,5";"14,6";"16,5";"16,1";"14,7";"14,3";90;88;89;234;"3,2";"1,7";9;6;2021
"3823";2021-06-09;"0600 UTC";"0";"954,2";"954,6";"954,2";"";"16,5";"14,4";"16,5";"16,3";"14,6";"14,4";89;87;87;237;"3,7";"2,1";9;6;2021
"3824";2021-06-09;"0700 UTC";"0";"953,9";"954,2";"953,9";"";"16,5";"14,3";"16,5";"16,3";"14,5";"14,3";88;87;87;256;"4,3";"2,2";9;6;2021
"3825";2021-06-09;"0800 UTC";"0";"954";"954,1";"953,9";"";"16,2";"14,3";"16,5";"16";"14,4";"14,1";89;87;88;238;"4,2";"1,8";9;6;2021
"3826";2021-06-09;"0900 UTC";"0";"954,2";"954,2";"954";"";"16,3";"13,9";"16,4";"16,1";"14,3";"13,9";88;86;86;228;"4,8";"2,4";9;6;2021
"3827";2021-06-09;"1000 UTC";"0";"954,7";"954,7";"954,2";"4,8";"16";"13,9";"16,3";"15,9";"14";"13,7";88;86;88;229;"4,8";"1,9";9;6;2021
"3828";2021-06-09;"1100 UTC";"0";"955,5";"955,5";"954,7";"356,2";"17,8";"14";"17,8";"16";"14,2";"13,9";88;79;79;204;"3,6";"2";9;6;2021
"3829";2021-06-09;"1200 UTC";"0";"955,9";"956";"955,5";"1094,2";"19";"14,5";"19";"17,8";"14,7";"13,9";79;74;75;198;"4,7";"2,3";9;6;2021
"3830";2021-06-09;"1300 UTC";"0";"956";"956,2";"955,8";"1529,5";"20,5";"15,2";"20,5";"19";"15,4";"14,4";76;71;71;188;"5,3";"2,8";9;6;2021
"3831";2021-06-09;"1400 UTC";"0";"955,5";"956";"955,5";"2088,4";"22,8";"15,2";"22,8";"20";"15,7";"14,5";72;62;62;170;"5,9";"2,2";9;6;2021
"3832";2021-06-09;"1500 UTC";"0";"954,8";"955,5";"954,8";"2416,9";"23,3";"15,3";"23,5";"22,3";"15,9";"14,6";65;59;61;190;"6,9";"2,6";9;6;2021
"3833";2021-06-09;"1600 UTC";"0";"954,1";"954,8";"954,1";"2360,3";"23,1";"14,4";"24,1";"23";"15,9";"14";62;56;58;203;"6,2";"2,3";9;6;2021
"3834";2021-06-09;"1700 UTC";"0";"953,8";"954,1";"953,8";"1157,7";"22,7";"14,4";"23,9";"22,6";"15,5";"14,2";63;56;60;133;"5,4";"2,8";9;6;2021
"3835";2021-06-09;"1800 UTC";"0";"953,4";"953,8";"953,4";"851";"22,1";"14,9";"22,7";"22,1";"15,4";"14,5";64;60;64;125;"5,2";"1,9";9;6;2021
"3836";2021-06-09;"1900 UTC";"0";"953";"953,4";"953";"706,2";"22,4";"14,8";"23";"21,9";"15,9";"14,7";66;61;62;174;"4,7";"1,8";9;6;2021
"3837";2021-06-09;"2000 UTC";"0";"953,1";"953,2";"952,9";"321,6";"21,1";"15,1";"22,4";"21,1";"15,2";"14,7";69;62;69;173;"4,7";"1,1";9;6;2021
"3838";2021-06-09;"2100 UTC";"0";"953,1";"953,4";"953,1";"14,5";"20";"15,3";"21,1";"20";"15,4";"15,1";75;69;75;209;"3,4";",9";9;6;2021
"3839";2021-06-09;"2200 UTC";"0";"953,1";"953,2";"952,9";"";"19,6";"15,5";"20";"19,5";"15,5";"15,3";78;75;77;220;"4,3";"2,1";9;6;2021
"3840";2021-06-09;"2300 UTC";"0";"953,7";"953,7";"953,1";"";"19,5";"14,7";"19,6";"19,5";"15,4";"14,7";77;74;74;226;"4,5";"1,8";9;6;2021
"3841";2021-06-10;"0000 UTC";"0";"954,2";"954,2";"953,6";"";"19,2";"14,8";"19,5";"19,1";"14,8";"14,7";76;74;76;213;"3,6";"1,2";10;6;2021
"3842";2021-06-10;"0100 UTC";"0";"954,5";"954,5";"954";"";"19,1";"14,9";"19,2";"19";"15,1";"14,8";77;76;77;166;"3,7";"1";10;6;2021
"3843";2021-06-10;"0200 UTC";"0";"955,1";"955,1";"954,5";"";"18,5";"15,4";"19,1";"18,5";"15,4";"14,9";82;77;82;162;"3,6";",9";10;6;2021
"3844";2021-06-10;"0300 UTC";",2";"955,4";"955,4";"955";"";"17,8";"15,9";"18,5";"17,5";"16,5";"15,4";91;82;89;58;"3,3";",4";10;6;2021
"3845";2021-06-10;"0400 UTC";",2";"955,3";"955,4";"955,2";"";"17,2";"16,1";"17,8";"17,2";"16,2";"15,9";93;89;93;90;"1,8";"0";10;6;2021
"3846";2021-06-10;"0500 UTC";",4";"954,8";"955,3";"954,8";"";"17,3";"16,2";"17,4";"17,2";"16,4";"16,2";94;93;94;150;"1,7";"0";10;6;2021
"3847";2021-06-10;"0600 UTC";",4";"953,3";"954,8";"953,2";"";"17,1";"16,3";"17,3";"17,1";"16,3";"16,2";95;94;95;205;"5,2";"1,7";10;6;2021
"3848";2021-06-10;"0700 UTC";"0";"952,4";"953,4";"952,3";"";"17,3";"16,3";"17,4";"17,1";"16,5";"16,3";95;94;94;174;"4,6";"1,9";10;6;2021
"3849";2021-06-10;"0800 UTC";"0";"952,9";"953";"952,4";"";"17,3";"16,3";"17,5";"17,2";"16,6";"16,2";95;94;94;155;"4,3";"1,7";10;6;2021
"3850";2021-06-10;"0900 UTC";"0";"953";"953";"952,7";"";"17,3";"16,4";"17,4";"17,3";"16,4";"16,3";94;94;94;186;"4,9";"1,3";10;6;2021
"3851";2021-06-10;"1000 UTC";",2";"954,2";"954,2";"952,9";"";"17,3";"16,4";"17,4";"17,3";"16,5";"16,4";94;94;94;26;"4,2";"0";10;6;2021
"3852";2021-06-10;"1100 UTC";"1,2";"954,9";"955";"954,2";"45,1";"17,5";"16,6";"17,5";"17,3";"16,7";"16,3";95;94;95;191;"1,6";",2";10;6;2021
"3853";2021-06-10;"1200 UTC";",2";"955,3";"955,3";"954,8";"121";"17,7";"16,9";"17,7";"17,5";"16,9";"16,6";95;95;95;146;"2,5";",5";10;6;2021
"3854";2021-06-10;"1300 UTC";",2";"954,7";"955,5";"954,5";"357,3";"17,9";"17";"18";"17,7";"17,1";"16,7";95;94;94;152;"6,3";"2,2";10;6;2021
"3855";2021-06-10;"1400 UTC";"0";"955,3";"955,3";"954,5";"555,5";"18,6";"17,4";"18,8";"17,9";"17,9";"17";95;92;93;115;"5,8";"2,3";10;6;2021
"3856";2021-06-10;"1500 UTC";"0";"955,5";"955,5";"954,8";"538,2";"18,8";"17,1";"19,1";"18,6";"17,8";"17,1";93;90;90;66;"6,3";"2";10;6;2021
"3857";2021-06-10;"1600 UTC";",8";"954,3";"955,6";"954,3";"430,3";"18,8";"17,7";"18,9";"18,4";"17,8";"17";94;90;94;123;"4,4";"1,8";10;6;2021
"3858";2021-06-10;"1700 UTC";"0";"953,5";"954,3";"953,5";"607,3";"19,4";"17,4";"19,4";"18,7";"18";"17,4";93;88;88;201;"3,6";",6";10;6;2021
"3859";2021-06-10;"1800 UTC";"0";"953,6";"953,7";"953,4";"441,8";"19,2";"17,4";"19,6";"19,2";"17,5";"17,1";90;86;90;89;"2,7";"1";10;6;2021
"3860";2021-06-10;"1900 UTC";"0";"953,5";"953,7";"953,1";"196,4";"19,3";"17,5";"19,5";"19,1";"17,7";"17,3";90;88;89;99;"2,9";",7";10;6;2021
"3861";2021-06-10;"2000 UTC";"0";"953,5";"953,6";"953,3";"77,6";"19";"17,3";"19,3";"19";"17,5";"17,3";90;89;90;79;"1,8";",1";10;6;2021
"3862";2021-06-10;"2100 UTC";"0";"953,5";"953,7";"953,4";"6,7";"18,1";"17";"19";"18,1";"17,4";"16,8";94;90;94;328;"1,1";"0";10;6;2021
"3863";2021-06-10;"2200 UTC";"0";"954,1";"954,2";"953,5";"";"18,2";"17,4";"18,4";"18";"17,6";"17";95;94;95;207;"0";"0";10;6;2021
"3864";2021-06-10;"2300 UTC";"0";"954,7";"954,7";"953,8";"";"17,7";"16,9";"18,2";"17,6";"17,5";"16,9";95;95;95;59;"1,7";"0";10;6;2021
"3865";2021-06-11;"0000 UTC";"0";"954,7";"954,8";"954,5";"";"17,5";"16,8";"17,9";"17,4";"17,2";"16,7";96;95;96;112;"1,3";"0";11;6;2021
"3866";2021-06-11;"0100 UTC";"0";"954,7";"955,1";"954,6";"";"17,3";"16,7";"17,5";"17,2";"16,9";"16,6";96;96;96;109;"0";"0";11;6;2021
"3867";2021-06-11;"0200 UTC";"0";"954,7";"955,1";"954,7";"";"17,6";"17";"17,6";"17,1";"17";"16,5";96;96;96;100;"2";",6";11;6;2021
"3868";2021-06-11;"0300 UTC";"0";"954,3";"955";"954,3";"";"17,4";"16,8";"17,6";"17,4";"17";"16,8";96;96;96;281;"2";",2";11;6;2021
"3869";2021-06-11;"0400 UTC";"0";"954,2";"954,5";"954,2";"";"17";"16,5";"17,4";"17";"16,8";"16,5";97;96;97;219;"1,7";"0";11;6;2021
"3870";2021-06-11;"0500 UTC";"0";"954,1";"954,2";"954";"";"17,1";"16,6";"17,2";"16,9";"16,6";"16,4";97;97;97;123;",5";"0";11;6;2021
"3871";2021-06-11;"0600 UTC";"0";"954";"954,1";"953,9";",8";"17,2";"16,7";"17,2";"17";"16,7";"16,5";97;97;97;35;"1,5";"0";11;6;2021
"3872";2021-06-11;"0700 UTC";"0";"953,9";"954";"953,8";"";"17,2";"16,7";"17,2";"17,2";"16,7";"16,7";97;97;97;58;"0";"0";11;6;2021
"3873";2021-06-11;"0800 UTC";"0";"953,6";"953,9";"953,6";"";"17,3";"16,8";"17,3";"17,2";"16,8";"16,7";97;97;97;225;"0";"0";11;6;2021
"3874";2021-06-11;"0900 UTC";"0";"953,9";"953,9";"953,6";"";"17,5";"17";"17,5";"17,1";"17";"16,7";97;97;97;323;"3,2";"1,1";11;6;2021
"3875";2021-06-11;"1000 UTC";"0";"954,7";"954,7";"953,9";"1";"17,4";"16,9";"17,5";"17,1";"17";"16,6";97;97;97;4;"2,2";",6";11;6;2021
"3876";2021-06-11;"1100 UTC";"0";"955,5";"955,5";"954,7";"42,4";"17,6";"17,1";"17,7";"17,4";"17,2";"16,9";97;97;97;48;"2,1";"0";11;6;2021
"3877";2021-06-11;"1200 UTC";",2";"955,8";"955,8";"955,4";"271,4";"18,5";"18";"18,5";"17,6";"18";"17,1";97;97;97;333;"1,6";",1";11;6;2021
"3878";2021-06-11;"1300 UTC";"0";"956,5";"956,5";"955,8";"373,3";"18,8";"18";"19";"18,5";"18,3";"17,9";97;95;95;333;"3,3";",9";11;6;2021
"3879";2021-06-11;"1400 UTC";"0";"956,6";"956,7";"956,5";"625,2";"20";"17,7";"20";"18,8";"18,2";"17,4";95;86;86;281;"3,1";",4";11;6;2021
"3880";2021-06-11;"1500 UTC";"0";"956,3";"956,6";"956,3";"1138";"20,7";"16,7";"21,2";"19,9";"18";"16,3";86;77;78;359;"2,4";",4";11;6;2021
"3881";2021-06-11;"1600 UTC";"0";"955,6";"956,3";"955,6";"1557,6";"22";"15,1";"22,3";"20,7";"17,4";"15,1";79;65;65;16;"3,7";"1,3";11;6;2021
"3882";2021-06-11;"1700 UTC";"0";"955";"955,6";"954,9";"1797";"22,1";"15,7";"22,9";"21,5";"16,3";"14,8";69;63;67;330;"4";"2,2";11;6;2021
"3883";2021-06-11;"1800 UTC";"0";"954,4";"954,9";"954,4";"1448,8";"22,5";"15,2";"22,9";"21,4";"16,5";"15";69;62;63;326;"5,1";"1,9";11;6;2021
"3884";2021-06-11;"1900 UTC";"0";"954,4";"954,5";"954,3";"1370";"22,6";"14,8";"23,3";"22,1";"15,8";"13,5";64;57;61;339;"4,6";"2,1";11;6;2021
"3885";2021-06-11;"2000 UTC";"0";"954,7";"954,8";"954,4";"394,3";"21,1";"14,1";"22,6";"21,1";"14,6";"13,6";64;58;64;347;"4,3";"2,1";11;6;2021
"3886";2021-06-11;"2100 UTC";"0";"955";"955,1";"954,7";"16,6";"18,1";"14,4";"21,1";"18,1";"14,6";"14,1";79;64;79;2;"3,8";",6";11;6;2021
"3887";2021-06-11;"2200 UTC";"0";"955,4";"955,4";"954,9";"";"18,8";"14,8";"19";"18,1";"15,2";"14,5";81;77;78;322;"1,5";",3";11;6;2021
"3888";2021-06-11;"2300 UTC";"0";"956,1";"956,1";"955,4";"";"19";"13,1";"19,4";"18,6";"14,8";"12,9";78;68;69;341;"4,7";"2";11;6;2021
"3889";2021-06-12;"0000 UTC";"0";"956,5";"956,5";"956";"";"18,5";"12,8";"19";"18,4";"13,1";"12,7";70;68;69;323;"5,4";"2,6";12;6;2021
"3890";2021-06-12;"0100 UTC";"0";"956,9";"956,9";"956,5";"";"17,5";"12,4";"18,5";"17,4";"12,9";"12,4";73;69;72;323;"5,5";"1,9";12;6;2021
"3891";2021-06-12;"0200 UTC";"0";"957,2";"957,3";"956,9";"";"17";"11,9";"17,5";"16,9";"12,5";"11,9";73;72;72;314;"5,1";"2,2";12;6;2021
"3892";2021-06-12;"0300 UTC";"0";"956,9";"957,2";"956,9";"";"16,6";"11,3";"17,1";"16,6";"11,9";"11,3";72;71;71;309;"5,4";"2,4";12;6;2021
"3893";2021-06-12;"0400 UTC";"0";"956,3";"956,9";"956,3";"";"15,9";"10,9";"16,6";"15,8";"11,4";"10,9";74;71;72;304;"5,4";"1,3";12;6;2021
"3894";2021-06-12;"0500 UTC";"0";"955,5";"956,3";"955,5";"";"15,5";"9,9";"16";"15,2";"10,9";"9,9";74;69;69;302;"5,7";"2,5";12;6;2021
"3895";2021-06-12;"0600 UTC";"0";"954,9";"955,5";"954,9";"";"15,3";"8,2";"15,6";"15,2";"9,8";"8,1";69;62;62;314;"7,7";"3,6";12;6;2021
"3896";2021-06-12;"0700 UTC";"0";"954,7";"954,9";"954,6";"";"14,7";"8";"15,4";"14,7";"8,1";"7,7";64;61;64;308;"7,3";"2,6";12;6;2021
"3897";2021-06-12;"0800 UTC";"0";"955";"955";"954,7";"";"13,5";"8,4";"14,7";"13,4";"8,5";"8";71;64;71;299;"6,4";"2,3";12;6;2021
"3898";2021-06-12;"0900 UTC";"0";"955,8";"955,8";"955";"";"12,7";"7,7";"13,6";"12,6";"8,4";"7,7";72;69;72;312;"7";"3,3";12;6;2021
"3899";2021-06-12;"1000 UTC";"0";"957,2";"957,2";"955,8";"2,4";"11,6";"7,4";"12,7";"11,6";"7,8";"7,1";75;72;75;303;"8";"3";12;6;2021
"3900";2021-06-12;"1100 UTC";"0";"957,3";"957,6";"957,2";"291,6";"13,9";"8,7";"13,9";"11,6";"8,7";"7,2";75;71;71;262;"5,9";"1,6";12;6;2021
"3901";2021-06-12;"1200 UTC";"0";"957,8";"957,9";"957,3";"1192,8";"16,8";"8,9";"17,2";"13,9";"9,7";"8,5";71;59;59;275;"3,9";",7";12;6;2021
"3902";2021-06-12;"1300 UTC";"0";"957,9";"958";"957,8";"1856,7";"18,6";"10,4";"18,6";"16,8";"10,4";"9";62;56;59;43;"2,3";",4";12;6;2021
"3903";2021-06-12;"1400 UTC";"0";"957,7";"958";"957,7";"2329";"20,5";"10,4";"20,5";"18,6";"10,9";"8,2";59;46;53;276;"2,6";"1,1";12;6;2021
"3904";2021-06-12;"1500 UTC";"0";"956,9";"957,7";"956,9";"2600,1";"20,5";"9,3";"20,8";"19,6";"10,6";"8,1";54;45;48;313;"4,1";"2,2";12;6;2021
"3905";2021-06-12;"1600 UTC";"0";"956";"956,9";"956";"2607,9";"21,3";"9,8";"21,5";"20,3";"11,4";"9,3";53;48;48;357;"4,4";"1,4";12;6;2021
"3906";2021-06-12;"1700 UTC";"0";"955,5";"956,1";"955,5";"2387,8";"22,2";"9,4";"22,2";"21";"10,7";"7,7";50;41;44;278;"4,8";"1,4";12;6;2021
"3907";2021-06-12;"1800 UTC";"0";"955";"955,5";"955";"1934,8";"22";"8,8";"22,7";"21,5";"9,9";"7,7";45;40;43;336;"3,2";"1,7";12;6;2021
"3908";2021-06-12;"1900 UTC";"0";"955";"955,1";"954,9";"1295,8";"21,7";"8,4";"22,6";"21,6";"9,3";"7,7";44;40;43;334;"3,2";"1,2";12;6;2021
"3909";2021-06-12;"2000 UTC";"0";"955,5";"955,5";"955";"534,9";"20";"9";"21,8";"20";"9";"7,7";49;41;49;327;"4,3";"2,1";12;6;2021
"3910";2021-06-12;"2100 UTC";"0";"955,9";"955,9";"955,5";"18,2";"18,5";"7";"20";"18,4";"9";"7";50;47;47;318;"4,8";"2,3";12;6;2021
"3911";2021-06-12;"2200 UTC";"0";"956,1";"956,1";"955,9";"";"18,1";"5,6";"18,6";"18";"7";"5,6";48;43;44;304;"4,9";"1,8";12;6;2021
"3912";2021-06-12;"2300 UTC";"0";"956,3";"956,3";"956";"";"17,6";"3,1";"18,3";"17,6";"5,8";"2,9";44;36;38;276;"3,9";"1,2";12;6;2021
"3913";2021-06-13;"0000 UTC";"0";"956,5";"956,5";"956,3";"";"16,7";"2,5";"17,7";"16,7";"3,5";"1,8";39;36;38;265;"2,9";",8";13;6;2021
"3914";2021-06-13;"0100 UTC";"0";"956,8";"956,8";"956,5";"";"15,7";"4,8";"16,8";"15,7";"4,8";"2,5";48;38;48;257;"2,1";"1";13;6;2021
"3915";2021-06-13;"0200 UTC";"0";"956,6";"956,9";"956,6";"";"15,4";"5,9";"15,7";"14,5";"5,9";"4,9";55;49;53;261;"2";"1";13;6;2021
"3916";2021-06-13;"0300 UTC";"0";"956,4";"956,6";"956,4";"";"15,4";"6";"15,6";"15,1";"6";"5,6";54;52;54;241;"2,9";"1,6";13;6;2021
"3917";2021-06-13;"0400 UTC";"0";"956,4";"956,4";"956,3";"";"15,1";"6,5";"15,7";"15,1";"7,2";"6,1";58;54;56;245;"3,1";"1,2";13;6;2021
"3918";2021-06-13;"0500 UTC";"0";"956,2";"956,5";"956,1";"";"15";"5,2";"15,5";"14,7";"6,7";"5,2";58;51;52;206;"3,7";"1,3";13;6;2021
"3919";2021-06-13;"0600 UTC";"0";"955,9";"956,2";"955,9";"";"12,5";"6,7";"15";"12,3";"6,7";"5,3";68;52;67;237;"2,9";",1";13;6;2021
"3920";2021-06-13;"0700 UTC";"0";"955,7";"955,9";"955,7";"";"12,7";"6,4";"12,9";"11,9";"7";"6,1";70;65;66;249;"2,1";"1";13;6;2021
"3921";2021-06-13;"0800 UTC";"0";"955,9";"955,9";"955,7";"";"13,9";"6,3";"13,9";"12,1";"6,5";"6,1";67;60;60;229;"4";"2,3";13;6;2021
"3922";2021-06-13;"0900 UTC";"0";"956,4";"956,4";"955,9";"";"12,9";"6,1";"13,9";"12,9";"6,4";"6";64;60;64;209;"4,4";",9";13;6;2021
"3923";2021-06-13;"1000 UTC";"0";"957,3";"957,3";"956,4";"3,3";"13,2";"6,7";"13,6";"12,9";"6,7";"6,2";64;61;64;221;"4,5";"2,3";13;6;2021
"3924";2021-06-13;"1100 UTC";"0";"958";"958";"957,3";"363,2";"15,1";"8";"15,1";"13,2";"8";"6,7";65;62;63;221;"4,9";"2,3";13;6;2021
"3925";2021-06-13;"1200 UTC";"0";"958,8";"958,8";"958";"1154,9";"16,6";"8,2";"16,7";"15,1";"8,4";"7,8";63;57;57;208;"5,4";"2,6";13;6;2021
"3926";2021-06-13;"1300 UTC";"0";"959,1";"959,2";"958,8";"1826,6";"18,4";"8,7";"18,5";"16,6";"8,9";"7,9";58;52;53;210;"8";"2,8";13;6;2021
"3927";2021-06-13;"1400 UTC";"0";"959,1";"959,2";"959,1";"2303,8";"20,5";"8,4";"20,5";"18,4";"9,6";"8,3";54;46;46;200;"6,4";"2,2";13;6;2021
"3928";2021-06-13;"1500 UTC";"0";"958,4";"959,1";"958,4";"2564,4";"21,4";"8,1";"21,6";"20,1";"9,2";"7,7";47;41;43;192;"6,4";"2,2";13;6;2021
"3929";2021-06-13;"1600 UTC";"0";"957,3";"958,4";"957,3";"2583,5";"22,4";"8,8";"22,8";"21";"9,6";"8";46;41;42;182;"4,9";"2,4";13;6;2021
"3930";2021-06-13;"1700 UTC";"0";"956,4";"957,3";"956,4";"2369,6";"22,8";"8";"22,9";"21,9";"9,5";"7,1";44;37;38;166;"5,6";"2";13;6;2021
"3931";2021-06-13;"1800 UTC";"0";"955,9";"956,4";"955,9";"1915,8";"23";"8,7";"23,1";"22,4";"8,9";"7,3";41;37;40;184;"5,1";"1,9";13;6;2021
"3932";2021-06-13;"1900 UTC";"0";"955,7";"955,9";"955,6";"1277,9";"23";"7,1";"23,5";"22,7";"9,2";"6,9";41;35;36;233;"4,8";"1,5";13;6;2021
"3933";2021-06-13;"2000 UTC";"0";"955,9";"955,9";"955,7";"532,6";"21,7";"8,8";"23";"21,7";"8,9";"6,6";43;35;43;219;"4";"1,2";13;6;2021
"3934";2021-06-13;"2100 UTC";"0";"956,3";"956,3";"955,9";"16,7";"19";"10,1";"21,7";"19";"10,1";"8,7";56;43;56;225;"3";",7";13;6;2021
"3935";2021-06-13;"2200 UTC";"0";"956,6";"956,6";"956,3";"";"17,9";"9,7";"19";"17,9";"10,2";"9,7";59;56;59;234;"2,7";"1,5";13;6;2021
"3936";2021-06-13;"2300 UTC";"0";"957";"957";"956,6";"";"17,4";"9,7";"17,9";"17,2";"9,8";"9,7";62;59;60;235;"2,7";"1,5";13;6;2021
"3937";2021-06-14;"0000 UTC";"0";"957,2";"957,2";"957";"";"16,8";"9,1";"17,4";"16,7";"9,6";"9,1";62;60;61;236;"3,8";"2,2";14;6;2021
"3938";2021-06-14;"0100 UTC";"0";"957,2";"957,2";"957,1";"";"16,1";"9";"16,9";"16,1";"9,2";"8,9";63;60;63;232;"4,6";"2,7";14;6;2021
"3939";2021-06-14;"0200 UTC";"0";"957,3";"957,3";"957,2";"";"16";"8,8";"16,2";"15,8";"9";"8,8";64;62;62;224;"5,2";"3";14;6;2021
"3940";2021-06-14;"0300 UTC";"0";"957,5";"957,6";"957,3";"";"15,6";"8,8";"16,3";"15,6";"8,9";"8,6";64;61;64;214;"6,1";"2,7";14;6;2021
"3941";2021-06-14;"0400 UTC";"0";"957,3";"957,6";"957,3";"";"15";"8,9";"15,6";"15";"9,1";"8,8";67;64;67;232;"7,2";"3,3";14;6;2021
"3942";2021-06-14;"0500 UTC";"0";"957,2";"957,4";"957,2";"";"14,4";"8,3";"15";"14,4";"8,9";"8,3";67;66;67;221;"7,3";"2,2";14;6;2021
"3943";2021-06-14;"0600 UTC";"0";"956,8";"957,2";"956,8";"";"13,8";"8,1";"14,4";"13,8";"8,3";"8";69;67;69;223;"5,5";"2,3";14;6;2021
"3944";2021-06-14;"0700 UTC";"0";"956,5";"956,8";"956,5";"";"13,2";"8,2";"13,8";"13,1";"8,2";"8";72;69;72;222;"4,6";"2,2";14;6;2021
"3945";2021-06-14;"0800 UTC";"0";"956,1";"956,5";"956,1";"";"12,8";"8,1";"13,2";"12,8";"8,2";"8,1";73;72;73;228;"5,4";"2,9";14;6;2021
"3946";2021-06-14;"0900 UTC";"0";"956,2";"956,2";"956";"";"12,7";"7,9";"12,8";"12,5";"8,2";"7,9";74;72;73;236;"6,6";"3,6";14;6;2021
"3947";2021-06-14;"1000 UTC";"0";"956,7";"956,7";"956,1";"2,7";"12,7";"7,7";"12,9";"12,6";"8";"7,6";73;71;71;230;"6,6";"2,8";14;6;2021
"3948";2021-06-14;"1100 UTC";"0";"957,2";"957,2";"956,7";"359,2";"14,5";"7,6";"14,5";"12,7";"7,7";"7,4";71;63;63;215;"6,6";"3,2";14;6;2021
"3949";2021-06-14;"1200 UTC";"0";"957,9";"957,9";"957,2";"1148,4";"16,2";"8";"16,3";"14,5";"8,1";"7,3";63;57;58;208;"7,8";"3";14;6;2021
"3950";2021-06-14;"1300 UTC";"0";"958";"958,1";"957,8";"1814,7";"18,2";"9,1";"18,3";"16,2";"9,3";"7,9";59;54;55;219;"6,1";"2,8";14;6;2021
"3951";2021-06-14;"1400 UTC";"0";"957,9";"958,1";"957,9";"2292";"20";"9,5";"20,4";"18,2";"10";"8,9";57;50;51;196;"6";"2";14;6;2021
"3952";2021-06-14;"1500 UTC";"0";"957,2";"958";"957,2";"2542,3";"21,7";"9,9";"22";"19,8";"10,7";"9,2";52;47;47;159;"5,3";"1,1";14;6;2021
"3953";2021-06-14;"1600 UTC";"0";"956,5";"957,2";"956,5";"2567,2";"22,8";"10,1";"22,8";"21,3";"10,8";"9,4";50;44;44;178;"5,3";"1,2";14;6;2021
"3954";2021-06-14;"1700 UTC";"0";"955,8";"956,5";"955,8";"2352,6";"23,8";"9,2";"24";"22,4";"10,8";"8,7";47;38;40;91;"5";"1,5";14;6;2021
"3955";2021-06-14;"1800 UTC";"0";"955,3";"955,8";"955,3";"1898,5";"24,2";"9,5";"24,2";"22,9";"10,3";"8,4";43;37;39;99;"3,5";",2";14;6;2021
"3956";2021-06-14;"1900 UTC";"0";"954,7";"955,3";"954,6";"1256,5";"23,2";"10,6";"24,3";"23,1";"10,7";"8,3";45;38;45;324;"3,1";",6";14;6;2021
"3957";2021-06-14;"2000 UTC";"0";"954,9";"954,9";"954,6";"505,1";"22";"10,8";"24";"22";"11,2";"10,1";49;43;49;20;"2,6";",3";14;6;2021
"3958";2021-06-14;"2100 UTC";"0";"955,4";"955,4";"954,9";"19,3";"19,8";"11,9";"22";"19,4";"11,9";"10,6";61;49;60;327;"3,5";"1,7";14;6;2021
"3959";2021-06-14;"2200 UTC";"0";"956,2";"956,2";"955,4";"";"19,1";"12";"19,9";"19";"12,2";"11,8";64;60;63;306;"5,1";"1,8";14;6;2021
"3960";2021-06-14;"2300 UTC";"0";"956,4";"956,4";"956,1";"";"18,7";"11,6";"19,2";"18,7";"12";"11,5";64;62;63;277;"4,1";"1,7";14;6;2021
"3961";2021-06-15;"0000 UTC";"0";"956,7";"956,8";"956,4";"";"17,7";"11,2";"18,7";"17,7";"11,6";"11,2";66;63;66;256;"4,2";"1,1";15;6;2021
"3962";2021-06-15;"0100 UTC";"0";"956,9";"956,9";"956,7";"";"17";"11,2";"17,7";"17";"11,4";"11,1";69;66;69;246;"2,6";"1,5";15;6;2021
"3963";2021-06-15;"0200 UTC";"0";"956,9";"957";"956,8";"";"16,1";"11,3";"17,2";"16,1";"11,4";"11,1";73;68;73;237;"2,8";"1";15;6;2021
"3964";2021-06-15;"0300 UTC";"0";"956,5";"956,9";"956,5";"";"15";"11,5";"16,1";"14,7";"11,6";"11";80;73;80;208;"1,5";"0";15;6;2021
"3965";2021-06-15;"0400 UTC";"0";"956,5";"956,6";"956,4";"";"13,6";"11";"15";"13,6";"11,7";"11";85;79;85;257;"1,1";"0";15;6;2021
"3966";2021-06-15;"0500 UTC";"0";"956,3";"956,6";"956,3";"";"13,8";"11,5";"14,2";"13,5";"11,9";"11";87;84;86;242;"1,4";",8";15;6;2021
"3967";2021-06-15;"0600 UTC";"0";"956";"956,3";"956";"";"14,5";"10,8";"14,9";"13,8";"11,4";"10,7";86;77;79;258;"2,3";"1,2";15;6;2021
"3968";2021-06-15;"0700 UTC";"0";"955,6";"956";"955,6";"";"14,5";"10,8";"15,1";"13,9";"11,3";"10,1";81;76;78;266;"1,9";",9";15;6;2021
"3969";2021-06-15;"0800 UTC";"0";"955,7";"955,7";"955,6";"";"12,6";"10,5";"14,5";"12,5";"10,9";"9,8";87;78;87;347;"1,8";",1";15;6;2021
"3970";2021-06-15;"0900 UTC";"0";"955,9";"955,9";"955,6";"";"12,4";"10,5";"12,8";"12,1";"11";"10,2";90;87;89;258;",8";",1";15;6;2021
"3971";2021-06-15;"1000 UTC";"0";"956,1";"956,1";"955,9";"3,4";"12,5";"10,2";"13,2";"12,2";"11,2";"10,1";89;85;86;151;"2,4";"0";15;6;2021
"3972";2021-06-15;"1100 UTC";"0";"956,6";"956,6";"956,1";"349,2";"18,2";"10,5";"18,2";"12,4";"12,4";"10,1";88;61;61;221;"2,7";",3";15;6;2021
"3973";2021-06-15;"1200 UTC";"0";"957,1";"957,1";"956,6";"1119,8";"19,2";"11,2";"19,2";"17,4";"11,6";"10";67;59;60;220;"2,7";"1,2";15;6;2021
"3974";2021-06-15;"1300 UTC";"0";"957,7";"957,7";"957,1";"1807,5";"20,8";"11,3";"20,8";"19";"11,7";"10,2";62;52;54;85;"2,8";",8";15;6;2021
"3975";2021-06-15;"1400 UTC";"0";"957,5";"957,8";"957,5";"2266,8";"21,9";"9,9";"22,7";"20,5";"12,1";"9,7";54;46;46;60;"2,9";",9";15;6;2021
"3976";2021-06-15;"1500 UTC";"0";"957,1";"957,5";"957";"2476,9";"22,9";"10,8";"22,9";"20,8";"13,5";"9";62;43;46;45;"4,7";"2,4";15;6;2021
"3977";2021-06-15;"1600 UTC";"0";"956";"957,1";"956";"2505";"22,4";"9,6";"23,3";"21,9";"10,8";"6,9";48;37;44;15;"6";"2,8";15;6;2021
"3978";2021-06-15;"1700 UTC";"0";"955,1";"956";"955,1";"2427,1";"22,7";"9,2";"23,1";"22,3";"10,7";"8,6";46;41;42;11;"6,2";"2,4";15;6;2021
"3979";2021-06-15;"1800 UTC";"0";"954,7";"955,1";"954,7";"1914,1";"22,7";"8,5";"23,5";"22,5";"10,5";"8,5";45;40;40;35;"6";"2,4";15;6;2021
"3980";2021-06-15;"1900 UTC";"0";"954,5";"954,7";"954,5";"1288,3";"22,9";"6,8";"23,2";"22,5";"10,6";"6,5";45;35;35;30;"5,8";"1,6";15;6;2021
"3981";2021-06-15;"2000 UTC";"0";"954,7";"954,7";"954,5";"411,6";"20,7";"10,4";"22,9";"20,4";"10,5";"6,7";53;35;51;339;"4,9";"1,9";15;6;2021
"3982";2021-06-15;"2100 UTC";"0";"954,8";"954,8";"954,6";"18,1";"19,2";"10,9";"20,8";"19";"10,9";"10,2";59;51;59;276;"3,2";",1";15;6;2021
"3983";2021-06-15;"2200 UTC";"0";"954,9";"955";"954,8";"";"18,1";"11,1";"19,5";"18,1";"11,1";"10,7";64;57;64;243;"1,4";"1";15;6;2021
"3984";2021-06-15;"2300 UTC";"0";"954,9";"954,9";"954,8";"";"17,8";"10,9";"18,1";"17,8";"11,2";"10,9";65;63;64;266;"1,4";",7";15;6;2021
"3985";2021-06-16;"0000 UTC";"0";"955,1";"955,2";"955";"";"17,2";"10,5";"17,9";"16,5";"10,9";"10,2";68;63;65;271;"1,1";",3";16;6;2021
"3986";2021-06-16;"0100 UTC";"0";"955,2";"955,2";"955";"";"15,5";"10,2";"17,4";"15,5";"10,5";"9,9";71;63;71;9;"1,1";"0";16;6;2021
"3987";2021-06-16;"0200 UTC";"0";"955,2";"955,4";"955,1";"";"15";"11";"16,1";"14,9";"11";"10,3";77;70;77;340;"0";"0";16;6;2021
"3988";2021-06-16;"0300 UTC";"0";"955";"955,2";"955";"";"14,1";"10,8";"15,2";"14,1";"11,1";"10,6";81;76;81;326;"0";"0";16;6;2021
"3989";2021-06-16;"0400 UTC";"0";"954,7";"955,1";"954,7";"";"13,7";"11";"14,5";"13,7";"11,6";"10,7";84;81;84;73;"1,7";",1";16;6;2021
"3990";2021-06-16;"0500 UTC";"0";"954,4";"954,7";"954,3";"";"13,5";"11,7";"14,2";"13,3";"12";"11";90;84;89;203;"1,1";",2";16;6;2021
"3991";2021-06-16;"0600 UTC";"0";"954,4";"954,4";"954";"";"12,7";"11,2";"13,5";"12,6";"11,8";"10,8";90;88;90;14;"1,3";",2";16;6;2021
"3992";2021-06-16;"0700 UTC";"0";"954,6";"954,6";"954,4";"";"14,2";"10,4";"15,1";"12,7";"12,4";"10,4";91;76;78;316;"5,2";"2,8";16;6;2021
"3993";2021-06-16;"0800 UTC";"0";"954,2";"954,6";"954,2";"";"13,5";"10,1";"14,3";"13,5";"10,9";"10";81;77;80;264;"6,3";",6";16;6;2021
"3994";2021-06-16;"0900 UTC";"0";"954,4";"954,4";"954,2";"";"11,1";"9,9";"13,5";"11";"10,1";"9,6";92;80;92;73;"1,7";"0";16;6;2021
"3995";2021-06-16;"1000 UTC";"0";"955,1";"955,3";"954,4";"3,7";"13,2";"9,9";"13,3";"11,1";"10,8";"9,9";93;80;80;198;"4";"1,9";16;6;2021
"3996";2021-06-16;"1100 UTC";"0";"955,6";"955,6";"955,1";"338,6";"14,7";"10,3";"14,8";"13,1";"10,4";"9,6";80;75;75;192;"4,6";"2,3";16;6;2021
"3997";2021-06-16;"1200 UTC";"0";"956,2";"956,3";"955,6";"1131,3";"16,2";"11";"16,5";"14,7";"11,4";"10,2";76;70;71;190;"6,2";"2,8";16;6;2021
"3998";2021-06-16;"1300 UTC";"0";"956,7";"956,7";"956,2";"1751,1";"17,5";"11,3";"17,9";"16,2";"11,7";"10,9";72;66;67;174;"7,1";"2,7";16;6;2021
"3999";2021-06-16;"1400 UTC";"0";"956,4";"956,7";"956,4";"1815,2";"18,7";"11,9";"18,7";"17,4";"12,3";"11,1";68;63;65;198;"5,5";"2,5";16;6;2021
"4000";2021-06-16;"1500 UTC";"0";"956";"956,4";"956";"2403,5";"20,7";"12";"20,9";"18,6";"12,8";"11,2";65;57;57;105;"4,4";"1,5";16;6;2021
"4001";2021-06-16;"1600 UTC";"0";"955,1";"956";"955,1";"2538,9";"21,4";"11,2";"21,7";"20,2";"12,5";"10,8";59;52;52;89;"5,1";"1,2";16;6;2021
"4002";2021-06-16;"1700 UTC";"0";"954,3";"955,1";"954,3";"2356,6";"22,2";"10,5";"22,7";"21,1";"11,8";"10,1";54;47;47;129;"4";"1";16;6;2021
"4003";2021-06-16;"1800 UTC";"0";"954,2";"954,3";"954,2";"1199,7";"22,4";"10,5";"22,8";"20,7";"11,2";"9,8";52;45;47;71;"4,2";",5";16;6;2021
"4004";2021-06-16;"1900 UTC";"0";"954,1";"954,2";"953,9";"1131,4";"21,5";"9,9";"22,8";"21,4";"10,8";"9,1";49;43;48;355;"3,4";"1,3";16;6;2021
"4005";2021-06-16;"2000 UTC";"0";"954,2";"954,2";"954,1";"299,3";"21,8";"11";"22";"20,6";"11,9";"9,9";55;47;50;65;"2,3";"0";16;6;2021
"4006";2021-06-16;"2100 UTC";"0";"954,5";"954,6";"954,2";"18,3";"18,3";"11,8";"22";"18,2";"12";"10,8";66;50;66;323;"1,8";",5";16;6;2021
"4007";2021-06-16;"2200 UTC";"0";"955";"955";"954,5";"";"18,3";"12";"19";"18,2";"12,7";"11,8";67;66;67;306;"2,5";",8";16;6;2021
"4008";2021-06-16;"2300 UTC";"0";"955,5";"955,5";"955";"";"18,2";"11,3";"18,7";"18,2";"12,1";"11,3";67;64;64;274;"2,4";"1,2";16;6;2021
"4009";2021-06-17;"0000 UTC";"0";"955,8";"955,8";"955,5";"";"16,6";"11,4";"18,2";"16,5";"11,4";"11,1";71;64;71;185;"2,3";",3";17;6;2021
"4010";2021-06-17;"0100 UTC";"0";"956";"956";"955,8";"";"16,3";"10,9";"16,6";"16,3";"11,6";"10,9";73;70;70;238;"2,7";"1,1";17;6;2021
"4011";2021-06-17;"0200 UTC";"0";"956,6";"956,6";"956";"";"15";"11,6";"16,3";"14,9";"11,6";"10,6";80;70;80;25;"2,9";",4";17;6;2021
"4012";2021-06-17;"0300 UTC";"0";"956,4";"956,7";"956,3";"";"15,7";"11,6";"16,2";"14,8";"12,3";"11,4";82;75;77;236;"1,7";"0";17;6;2021
"4013";2021-06-17;"0400 UTC";"0";"956,5";"956,5";"956,3";"";"15,7";"11,6";"15,7";"15,1";"11,8";"11,3";80;76;76;268;"1,4";",8";17;6;2021
"4014";2021-06-17;"0500 UTC";"0";"956,4";"956,6";"956,4";"";"15,9";"11,4";"15,9";"14,7";"11,8";"10,9";81;75;75;316;"2,8";"1,5";17;6;2021
"4015";2021-06-17;"0600 UTC";"0";"956";"956,4";"956";"";"15,6";"10,8";"16,2";"15,6";"11,4";"10,8";75;72;74;164;"3";",2";17;6;2021
"4016";2021-06-17;"0700 UTC";"0";"956,1";"956,1";"955,9";"";"14,1";"10,7";"15,6";"14,1";"11,1";"10,7";80;74;80;114;"1,6";"0";17;6;2021
"4017";2021-06-17;"0800 UTC";"0";"956,1";"956,2";"956,1";"";"12,8";"11,2";"14,1";"12,8";"11,5";"10,5";90;80;90;268;"1,5";"0";17;6;2021
"4018";2021-06-17;"0900 UTC";"0";"956,7";"956,7";"956,1";"";"12,3";"10,8";"13,7";"12,2";"12,3";"10,5";92;87;91;47;"2,6";",1";17;6;2021
"4019";2021-06-17;"1000 UTC";"0";"957,3";"957,3";"956,7";"4";"12,8";"11,5";"12,9";"12,1";"11,7";"10,7";93;91;92;212;"1,3";",2";17;6;2021
"4020";2021-06-17;"1100 UTC";"0";"957,7";"957,7";"957,3";"331,2";"15";"10,8";"15";"12,8";"12,1";"10,6";92;76;76;186;"3,4";"1,8";17;6;2021
"4021";2021-06-17;"1200 UTC";"0";"958,5";"958,5";"957,7";"933";"15,9";"10,8";"16";"15";"11,2";"10,3";76;70;71;169;"4";"1,7";17;6;2021
"4022";2021-06-17;"1300 UTC";"0";"958,8";"958,8";"958,5";"1748,3";"17,8";"11,3";"17,8";"15,9";"11,3";"10,2";71;65;66;166;"4,5";"1,9";17;6;2021
"4023";2021-06-17;"1400 UTC";"0";"958,4";"958,8";"958,4";"2216,1";"19,9";"12,2";"19,9";"17,6";"12,2";"10,7";66;60;61;144;"4,9";"1,9";17;6;2021
"4024";2021-06-17;"1500 UTC";"0";"957,9";"958,4";"957,9";"2479,5";"20";"11,6";"20,6";"19,4";"12,5";"11,1";62;56;58;112;"4,9";"2,1";17;6;2021
"4025";2021-06-17;"1600 UTC";"0";"957";"958";"957";"2533,7";"21,6";"9,9";"21,7";"19,8";"12,3";"9,6";60;47;47;107;"4,7";"1,5";17;6;2021
"4026";2021-06-17;"1700 UTC";"0";"956,2";"957,1";"956,2";"2108,7";"21,5";"10,2";"22,5";"20,7";"10,8";"9,4";50;45;48;33;"4,4";",6";17;6;2021
"4027";2021-06-17;"1800 UTC";"0";"956";"956,2";"956";"1841";"22,4";"9,2";"23";"21,4";"10,8";"9,1";49;43;43;68;"4,1";"2,1";17;6;2021
"4028";2021-06-17;"1900 UTC";"0";"955,8";"956";"955,8";"507,6";"21,2";"10,3";"22,4";"21,1";"10,6";"8,7";51;43;50;171;"4,1";"1,3";17;6;2021
"4029";2021-06-17;"2000 UTC";"0";"955,8";"955,8";"955,5";"217,1";"20,5";"10,5";"21,2";"20,5";"11,1";"10,1";54;50;53;321;"3,2";"1,4";17;6;2021
"4030";2021-06-17;"2100 UTC";"0";"956,1";"956,1";"955,8";"32,2";"18,9";"10,6";"20,6";"18,9";"10,8";"10,1";59;53;59;315;"3,5";"1,6";17;6;2021
"4031";2021-06-17;"2200 UTC";"0";"956,3";"956,3";"956,1";"";"18,4";"10,9";"19,1";"18,2";"11,2";"10,2";63;57;62;309;"3,7";"1,7";17;6;2021
"4032";2021-06-17;"2300 UTC";"0";"956,7";"956,7";"956,3";"";"18,6";"10,1";"18,6";"18,2";"10,9";"10,1";62;58;58;285;"3,6";",9";17;6;2021
"4033";2021-06-18;"0000 UTC";"0";"957";"957";"956,6";"";"17,9";"11,1";"18,6";"17,9";"11,1";"10,1";65;58;65;252;"2,5";",7";18;6;2021
"4034";2021-06-18;"0100 UTC";"0";"957,1";"957,1";"956,7";"";"17,8";"10,9";"18,1";"16,9";"11,5";"10,9";70;63;64;238;"2";",6";18;6;2021
"4035";2021-06-18;"0200 UTC";"0";"956,9";"957,1";"956,9";"";"17,4";"11,4";"17,8";"17,3";"11,4";"10,9";68;64;68;257;"2";",3";18;6;2021
"4036";2021-06-18;"0300 UTC";"0";"957";"957,1";"956,9";"";"16,9";"11,7";"17,4";"16,8";"11,9";"11,4";72;68;72;260;"1";",1";18;6;2021
"4037";2021-06-18;"0400 UTC";"0";"957,1";"957,1";"957";"";"17,5";"11,6";"17,5";"16,9";"11,9";"11,6";72;68;68;225;"2,4";"1,2";18;6;2021
"4038";2021-06-18;"0500 UTC";"0";"957";"957,2";"956,9";"";"17,2";"11,7";"17,6";"17,2";"11,7";"11,6";70;68;70;214;"3,2";",6";18;6;2021
"4039";2021-06-18;"0600 UTC";"0";"956,8";"957,2";"956,7";"";"16,7";"12,2";"17,2";"16,2";"12,2";"11,6";76;70;74;192;"2,1";",5";18;6;2021
"4040";2021-06-18;"0700 UTC";"0";"956,6";"956,9";"956,6";"";"16,6";"11,6";"16,8";"16,5";"12,1";"11,5";74;72;72;190;"1,9";",7";18;6;2021
"4041";2021-06-18;"0800 UTC";"0";"956,8";"956,8";"956,6";"";"16,2";"11,4";"16,6";"16,2";"11,6";"11,3";73;72;73;195;"3,1";"1,1";18;6;2021
"4042";2021-06-18;"0900 UTC";"0";"956,9";"956,9";"956,7";"";"15,3";"11,5";"16,2";"15,2";"11,5";"11,3";78;73;78;212;"3,6";",2";18;6;2021
"4043";2021-06-18;"1000 UTC";"0";"957,6";"957,6";"956,9";"2,5";"15,8";"11,3";"15,8";"15,1";"11,7";"11,2";79;74;74;222;"2,9";"1,3";18;6;2021
"4044";2021-06-18;"1100 UTC";"0";"958,3";"958,3";"957,6";"220,2";"17,2";"11";"17,2";"15,8";"11,3";"10,8";74;67;67;196;"3,7";"1,6";18;6;2021
"4045";2021-06-18;"1200 UTC";"0";"958,9";"958,9";"958,3";"518";"17,1";"10,6";"17,3";"16,8";"11";"10,4";68;65;66;200;"5,5";"2,6";18;6;2021
"4046";2021-06-18;"1300 UTC";"0";"959";"959,3";"958,9";"893,4";"17,9";"10,8";"17,9";"17,1";"10,9";"10,4";66;63;63;195;"6,6";"3,3";18;6;2021
"4047";2021-06-18;"1400 UTC";"0";"958,8";"959,1";"958,7";"853,2";"18,7";"10,8";"19";"17,9";"11,5";"10,6";63;60;60;178;"6,6";"2";18;6;2021
"4048";2021-06-18;"1500 UTC";"0";"958,7";"958,9";"958,6";"355,7";"18";"11,8";"18,8";"18";"11,8";"10,7";67;60;67;136;"4,3";",6";18;6;2021
"4049";2021-06-18;"1600 UTC";"1";"958,2";"959,1";"958,2";"383,7";"16,6";"13,7";"18";"16,2";"13,7";"11,8";84;67;83;208;"2,4";",4";18;6;2021
"4050";2021-06-18;"1700 UTC";",8";"957";"958,2";"957";"382";"16";"14,1";"16,7";"15,9";"14,1";"13,3";89;81;89;234;"3,5";"1,8";18;6;2021
"4051";2021-06-18;"1800 UTC";",2";"956,8";"957,1";"956,7";"446,5";"16,4";"13,9";"16,5";"16";"14,4";"13,8";89;85;85;232;"4,5";"1,7";18;6;2021
"4052";2021-06-18;"1900 UTC";"0";"956,5";"956,8";"956,4";"245,3";"16,3";"13,8";"16,6";"16,3";"14,1";"13,7";86;84;85;243;"4,9";"1,1";18;6;2021
"4053";2021-06-18;"2000 UTC";",2";"956,5";"956,5";"956,2";"145,4";"16,1";"13,6";"16,3";"16,1";"14";"13,6";87;85;85;250;"4,8";"1,6";18;6;2021
"4054";2021-06-18;"2100 UTC";"0";"956,4";"956,7";"956,4";"5,1";"16,1";"13,2";"16,2";"16,1";"13,6";"13,2";85;83;83;260;"5,4";"1,7";18;6;2021
"4055";2021-06-18;"2200 UTC";"0";"956,4";"956,5";"956,1";"";"16,3";"12,5";"16,3";"16,1";"13,3";"12,5";83;78;79;227;"5,4";"2,7";18;6;2021
"4056";2021-06-18;"2300 UTC";"0";"957,3";"957,3";"956,4";"";"16,2";"12,5";"16,4";"16,1";"12,5";"12,2";79;77;79;271;"4,9";",7";18;6;2021
"4057";2021-06-19;"0000 UTC";"0";"957,4";"957,7";"957,2";"";"16,1";"12,5";"16,5";"16,1";"12,5";"12,1";79;76;79;227;"3,9";"1";19;6;2021
"4058";2021-06-19;"0100 UTC";"0";"956,8";"957,4";"956,6";"";"16,5";"12,1";"16,6";"16,1";"12,4";"12";79;74;75;223;"5";"2,2";19;6;2021
"4059";2021-06-19;"0200 UTC";"0";"957,4";"957,4";"956,8";"";"16,9";"12,3";"16,9";"16,4";"12,3";"12,1";76;74;74;283;"5,6";",7";19;6;2021
"4060";2021-06-19;"0300 UTC";"0";"956,8";"957,4";"956,8";"";"15,5";"13,3";"16,9";"15,5";"13,4";"12,2";87;74;87;283;"4,1";"1,4";19;6;2021
"4061";2021-06-19;"0400 UTC";"0";"956,4";"956,8";"956,4";"";"15,6";"13,1";"15,8";"15,4";"13,4";"13";87;84;85;267;"4,3";"1,1";19;6;2021
"4062";2021-06-19;"0500 UTC";"0";"956";"956,4";"955,9";"";"16,6";"12,2";"16,6";"15,6";"13,1";"12,2";85;75;75;232;"5";"2,1";19;6;2021
"4063";2021-06-19;"0600 UTC";"0";"955,4";"956";"955,4";"";"16,4";"12,1";"16,6";"16,4";"12,2";"12,1";76;75;75;244;"4,5";"1,8";19;6;2021
"4064";2021-06-19;"0700 UTC";"0";"955";"955,4";"954,9";"";"16,3";"11,8";"16,4";"16,2";"12";"11,8";76;75;75;221;"5,6";"1,7";19;6;2021
"4065";2021-06-19;"0800 UTC";"0";"955,1";"955,1";"954,9";"";"16,2";"11,7";"16,4";"16,2";"11,8";"11,6";75;74;75;240;"4,9";",3";19;6;2021
"4066";2021-06-19;"0900 UTC";"0";"955,2";"955,2";"955";"";"16";"11,9";"16,5";"16";"11,9";"11,6";77;73;77;248;"2,7";",7";19;6;2021
"4067";2021-06-19;"1000 UTC";"0";"955,4";"955,5";"955,2";"1,4";"15,7";"12,5";"16";"15,4";"12,7";"11,9";84;77;81;219;"3,2";"1,3";19;6;2021
"4068";2021-06-19;"1100 UTC";",2";"956,4";"956,5";"955,4";"31,6";"15,8";"12,5";"16";"15,7";"12,5";"12,1";81;78;81;228;"3,2";",9";19;6;2021
"4069";2021-06-19;"1200 UTC";",2";"956,5";"957";"956,3";"308,7";"16,1";"13,2";"16,1";"15,6";"13,3";"12,5";85;80;83;232;"5,8";"2,6";19;6;2021
"4070";2021-06-19;"1300 UTC";"0";"956,4";"956,6";"956,2";"421,1";"16,7";"12,7";"16,7";"16,1";"13,1";"12,6";83;77;77;198;"7,5";"2,7";19;6;2021
"4071";2021-06-19;"1400 UTC";"0";"956,5";"956,6";"956,2";"414,7";"17,3";"12,9";"17,3";"16,7";"13";"12,6";78;74;75;165;"6,6";",1";19;6;2021
"4072";2021-06-19;"1500 UTC";",2";"956,1";"956,9";"956,1";"333,4";"17";"14";"17,4";"16,9";"14";"12,9";82;75;82;201;"2,4";",9";19;6;2021
"4073";2021-06-19;"1600 UTC";"0";"954,8";"956,1";"954,8";"923,4";"18,1";"13,6";"18,3";"17,1";"14,8";"13,3";83;74;75;183;"5";"2";19;6;2021
"4074";2021-06-19;"1700 UTC";",2";"955";"955";"954,4";"511,2";"17,7";"13,1";"18,5";"17,6";"14,8";"13,1";80;73;74;265;"5";",5";19;6;2021
"4075";2021-06-19;"1800 UTC";"0";"954,9";"955";"954,4";"561,2";"18,6";"13,7";"18,7";"17,7";"13,8";"13,1";75;72;73;106;"2,9";"0";19;6;2021
"4076";2021-06-19;"1900 UTC";"0";"954,8";"955";"954,5";"501,3";"18,3";"14";"18,6";"18,1";"14,8";"13,5";80;72;76;27;"2";"0";19;6;2021
"4077";2021-06-19;"2000 UTC";"0";"955,5";"955,5";"954,8";"189,1";"16,9";"15,1";"18,3";"16,9";"15,2";"14";90;76;90;1;"3,8";"1,5";19;6;2021
"4078";2021-06-19;"2100 UTC";"0";"955,5";"955,6";"955,2";"4,5";"16,3";"15";"16,9";"16,3";"15,2";"15";92;90;92;25;"2,7";"0";19;6;2021
"4079";2021-06-19;"2200 UTC";",2";"955,6";"955,6";"955,3";"";"15,9";"14,8";"16,3";"15,7";"15";"14,6";93;92;93;60;"0";"0";19;6;2021
"4080";2021-06-19;"2300 UTC";"0";"956";"956";"955,6";"";"15,9";"14,9";"16,1";"15,8";"15";"14,8";94;93;94;69;"1,9";"0";19;6;2021
"4081";2021-06-20;"0000 UTC";"0";"956,3";"956,3";"956";"";"15,8";"14,9";"16";"15,8";"15,1";"14,9";94;94;94;64;"2,4";",3";20;6;2021
"4082";2021-06-20;"0100 UTC";"0";"956,5";"956,6";"956,2";"0";"15,1";"14,2";"16";"15,1";"15,1";"14,2";95;94;94;16;"7";"2,3";20;6;2021
"4083";2021-06-20;"0200 UTC";"0";"956,7";"956,7";"956,3";"1";"14,1";"13,6";"15,1";"14,1";"14,1";"13,6";96;94;96;16;"6,8";"2,2";20;6;2021
"4084";2021-06-20;"0300 UTC";"0";"956,7";"956,8";"956,5";"";"13,6";"12,7";"14,1";"13,6";"13,5";"12,7";96;94;94;33;"7,3";"2,2";20;6;2021
"4085";2021-06-20;"0400 UTC";"0";"956,4";"956,7";"956,4";"";"13,1";"12,1";"13,6";"13,1";"12,7";"12";94;93;94;9;"6,2";"1,4";20;6;2021
"4086";2021-06-20;"0500 UTC";"0";"956,1";"956,5";"956,1";"";"12,2";"11,2";"13,1";"12,1";"12,1";"11,1";94;93;94;8;"6,4";"2,3";20;6;2021
"4087";2021-06-20;"0600 UTC";"0";"955,8";"956,2";"955,8";"";"12,1";"10,3";"12,2";"12";"11,2";"10,3";94;89;89;357;"6,6";"3,2";20;6;2021
"4088";2021-06-20;"0700 UTC";"0";"955,9";"956";"955,7";"";"12";"10,1";"12,1";"11,9";"10,4";"10";90;88;88;1;"6,3";"2,6";20;6;2021
"4089";2021-06-20;"0800 UTC";"0";"956";"956,1";"955,7";"";"11,9";"10";"12";"11,9";"10,3";"10";90;88;89;350;"6,5";"2,9";20;6;2021
"4090";2021-06-20;"0900 UTC";"0";"956,2";"956,2";"956";"";"11,8";"9,9";"11,9";"11,7";"10,1";"9,8";89;88;88;340;"7,6";"3,1";20;6;2021
"4091";2021-06-20;"1000 UTC";"0";"956,5";"956,6";"956,2";"4,5";"12";"9,2";"12";"11,7";"9,9";"9,1";88;83;83;338;"6,2";"2,4";20;6;2021
"4092";2021-06-20;"1100 UTC";"0";"957,3";"957,3";"956,5";"320,9";"12,8";"9";"12,9";"11,9";"9,3";"8,8";83;77;78;15;"5";"1";20;6;2021
"4093";2021-06-20;"1200 UTC";"0";"957,5";"957,5";"957,2";"894,1";"13,4";"9,2";"13,6";"12,6";"9,8";"8,7";79;75;76;324;"4,9";"2,2";20;6;2021
"4094";2021-06-20;"1300 UTC";"0";"957,6";"957,9";"957,5";"1512,3";"14,5";"10,2";"14,5";"13";"10,3";"8,9";78;74;76;330;"5,4";"1,6";20;6;2021
"4095";2021-06-20;"1400 UTC";"0";"957,6";"957,7";"957,4";"1666,4";"15,3";"10,1";"16,1";"13,9";"11,3";"9,2";76;68;71;330;"5,4";"2";20;6;2021
"4096";2021-06-20;"1500 UTC";"0";"956,8";"957,6";"956,8";"1874,8";"15,9";"9,3";"16,8";"15,2";"10,6";"9,3";71;64;65;286;"5,4";"1,1";20;6;2021
"4097";2021-06-20;"1600 UTC";"0";"955,6";"956,8";"955,6";"2552,5";"16,9";"9,6";"18,3";"15,8";"11,1";"9,4";68;59;62;316;"5,3";"2,3";20;6;2021
"4098";2021-06-20;"1700 UTC";"0";"955,1";"955,6";"955,1";"2340,2";"18,1";"10,3";"18,4";"16,8";"10,9";"9,3";64;58;60;350;"5,3";"1,2";20;6;2021
"4099";2021-06-20;"1800 UTC";"0";"955,1";"955,2";"955,1";"1742,3";"18";"9,7";"18,8";"17,9";"10,9";"9,6";61;57;58;326;"4,7";",3";20;6;2021
"4100";2021-06-20;"1900 UTC";"0";"955";"955,1";"954,8";"1271,7";"19,1";"10,6";"19,5";"18";"11";"9,4";59;55;58;60;"3,4";",6";20;6;2021
"4101";2021-06-20;"2000 UTC";"0";"955,3";"955,4";"954,9";"417,6";"17,1";"10,4";"19,1";"17,1";"11";"9,9";65;57;65;358;"3,5";",2";20;6;2021
"4102";2021-06-20;"2100 UTC";"0";"955,7";"955,7";"955,2";"13,5";"15,2";"10,6";"17,1";"15,1";"10,6";"10,2";74;65;74;352;"3,2";"0";20;6;2021
"4103";2021-06-20;"2200 UTC";"0";"956,2";"956,2";"955,6";"";"13,8";"10,8";"15,3";"13,7";"11,3";"10,4";82;74;82;33;"0";"0";20;6;2021
"4104";2021-06-20;"2300 UTC";"0";"956,4";"956,4";"956,1";"";"14,1";"11,4";"14,3";"13,7";"11,4";"10,8";84;82;84;320;"0";"0";20;6;2021
"4105";2021-06-21;"0000 UTC";"0";"956,5";"956,5";"956,2";"";"14";"10,6";"14,9";"13,9";"11,6";"10,4";84;77;80;291;"0";"0";21;6;2021
"4106";2021-06-21;"0100 UTC";"0";"956,9";"957";"956,4";"";"13,9";"11,1";"14";"13,2";"11,3";"10,4";86;80;83;354;"0";"0";21;6;2021
"4107";2021-06-21;"0200 UTC";"0";"956,2";"956,9";"956,2";"";"13,8";"10,8";"14,2";"13,6";"11,2";"10,7";84;81;82;282;"3,6";",5";21;6;2021
"4108";2021-06-21;"0300 UTC";"0";"957";"957";"956,2";"";"12,2";"10,3";"13,9";"12,2";"10,9";"10,3";88;82;88;68;"3,7";"0";21;6;2021
"4109";2021-06-21;"0400 UTC";"0";"956,8";"957";"956,5";"";"11,8";"10,5";"12,4";"11,6";"11,1";"10";92;88;92;90;"0";"0";21;6;2021
"4110";2021-06-21;"0500 UTC";"0";"956,6";"956,9";"956,3";"";"12,9";"11,2";"13";"11,7";"11,3";"10,4";93;90;90;253;"2";",5";21;6;2021
"4111";2021-06-21;"0600 UTC";"0";"956,1";"956,6";"956,1";"";"13,7";"11,3";"13,7";"12";"11,4";"10,3";92;86;86;253;"2,2";"1";21;6;2021
"4112";2021-06-21;"0700 UTC";"0";"955,6";"956,1";"955,6";"";"14,1";"11,2";"14,1";"13,7";"11,3";"11,1";86;83;83;240;"3,4";"1,8";21;6;2021
"4113";2021-06-21;"0800 UTC";"0";"955,3";"955,7";"955,3";"";"14,4";"11,2";"14,4";"14,1";"11,3";"11,1";83;81;81;213;"3,9";"1,4";21;6;2021
"4114";2021-06-21;"0900 UTC";"0";"955,7";"955,7";"955,3";"";"14,4";"10,9";"14,6";"14,4";"11,2";"10,9";81;79;80;214;"4,1";"1,7";21;6;2021
"4115";2021-06-21;"1000 UTC";"0";"955,9";"955,9";"955,7";"1,7";"14,6";"11,1";"14,6";"14,3";"11,1";"10,9";80;80;80;181;"3,6";"1,2";21;6;2021
"4116";2021-06-21;"1100 UTC";"0";"956,7";"956,7";"955,9";"119,8";"15";"11,3";"15";"14,5";"11,4";"11,1";80;79;79;184;"4";",7";21;6;2021
"4117";2021-06-21;"1200 UTC";"0";"957,1";"957,1";"956,6";"365,6";"15,5";"11,8";"15,5";"15";"11,8";"11,3";79;78;79;201;"4,2";"1,9";21;6;2021
"4118";2021-06-21;"1300 UTC";"0";"957,3";"957,4";"957,1";"764,2";"16,7";"12";"16,9";"15,5";"12,5";"11,7";79;74;74;201;"7,1";"2,3";21;6;2021
"4119";2021-06-21;"1400 UTC";"0";"957,1";"957,5";"957";"1098,8";"17,9";"12,1";"18,2";"16,5";"13,1";"11,9";75;69;69;165;"6,7";"2,3";21;6;2021
"4120";2021-06-21;"1500 UTC";"0";"956,6";"957,1";"956,6";"1332,1";"19,4";"12,4";"19,4";"17,8";"12,6";"11,8";69;63;64;169;"7,3";"1,8";21;6;2021
"4121";2021-06-21;"1600 UTC";"0";"955,8";"956,6";"955,8";"988,5";"19,2";"12,1";"19,5";"18,9";"12,5";"11,7";65;62;63;170;"5,6";"1,1";21;6;2021
"4122";2021-06-21;"1700 UTC";"0";"955,2";"955,8";"955,1";"675,5";"19,2";"12,3";"19,6";"19,2";"12,5";"12";64;62;64;155;"5";"1,7";21;6;2021
"4123";2021-06-21;"1800 UTC";"0";"954,8";"955,2";"954,8";"434,2";"18,6";"12,6";"19,2";"18,6";"12,6";"12";68;64;68;180;"5";"2,3";21;6;2021
"4124";2021-06-21;"1900 UTC";"0";"954,9";"954,9";"954,6";"412,4";"18,8";"12,6";"19";"18,6";"13,1";"12,5";69;67;67;207;"5";"0";21;6;2021
"4125";2021-06-21;"2000 UTC";"0";"954,8";"955";"954,8";"209,3";"18,5";"12,6";"19,1";"18,5";"12,9";"12,4";69;66;69;216;"2,6";",4";21;6;2021
"4126";2021-06-21;"2100 UTC";"0";"955,1";"955,2";"954,8";"4,8";"17,5";"13,6";"18,5";"17,5";"13,6";"12,6";78;69;78;301;"2,6";",1";21;6;2021
"4127";2021-06-21;"2200 UTC";"2,8";"956";"956";"955,1";"";"16,1";"14,8";"17,5";"16,1";"14,8";"13,7";92;78;92;168;"2,9";",1";21;6;2021
"4128";2021-06-21;"2300 UTC";",6";"955,9";"956,1";"955,8";"";"16";"15,1";"16,1";"15,9";"15,1";"14,8";94;92;94;242;"2,9";"1,3";21;6;2021
"4129";2021-06-22;"0000 UTC";",2";"956";"956,1";"955,8";"";"16,1";"15,3";"16,2";"16";"15,3";"15,1";95;94;95;256;"2,9";",5";22;6;2021
"4130";2021-06-22;"0100 UTC";",2";"956,3";"956,3";"955,9";"";"16,1";"15,2";"16,2";"16";"15,3";"15,1";95;94;94;284;"2,8";",9";22;6;2021
"4131";2021-06-22;"0200 UTC";"0";"956,3";"956,4";"956,2";"";"16,2";"15,3";"16,2";"16";"15,3";"15,2";95;94;94;289;"2,4";",7";22;6;2021
"4132";2021-06-22;"0300 UTC";"0";"956,1";"956,4";"956,1";"";"15,7";"14,9";"16,2";"15,7";"15,3";"14,9";95;94;95;287;"2,3";",7";22;6;2021
"4133";2021-06-22;"0400 UTC";",2";"956,1";"956,2";"956";"";"15,8";"15";"15,8";"15,7";"15,1";"14,9";95;95;95;259;"2,3";",7";22;6;2021
"4134";2021-06-22;"0500 UTC";"0";"955,8";"956,1";"955,8";"";"16,2";"15,3";"16,2";"15,8";"15,3";"15";95;95;95;266;"2,1";",9";22;6;2021
"4135";2021-06-22;"0600 UTC";"0";"955,4";"956";"955,4";"";"15,9";"15,1";"16,2";"15,9";"15,4";"15,1";95;94;95;249;"1,9";"1,2";22;6;2021
"4136";2021-06-22;"0700 UTC";"0";"955,6";"955,7";"955,4";"";"15,8";"15";"16";"15,8";"15,2";"15";95;95;95;119;"1,7";",1";22;6;2021
"4137";2021-06-22;"0800 UTC";"0";"955,4";"955,6";"955,3";"";"15,4";"14,7";"15,8";"15,4";"15,1";"14,7";96;95;96;298;"1,1";"0";22;6;2021
"4138";2021-06-22;"0900 UTC";"0";"955,8";"955,8";"955,3";"";"15,3";"14,6";"15,4";"15,2";"14,7";"14,5";96;96;96;266;"1,7";"0";22;6;2021
"4139";2021-06-22;"1000 UTC";"0";"956,4";"956,5";"955,7";"2,4";"15,7";"15";"15,8";"15,3";"15,1";"14,7";96;96;96;290;"2,5";",4";22;6;2021
"4140";2021-06-22;"1100 UTC";"0";"957,1";"957,1";"956,4";"243,9";"17,6";"16,5";"17,6";"15,7";"16,6";"15";96;93;93;250;"2,5";"0";22;6;2021
"4141";2021-06-22;"1200 UTC";"0";"957,5";"957,5";"957,1";"756,4";"18,9";"15,9";"18,9";"17,3";"16,6";"15,4";93;82;83;231;"1,8";",1";22;6;2021
"4142";2021-06-22;"1300 UTC";"0";"957,9";"958";"957,5";"1177,7";"20,3";"15,3";"20,7";"18,9";"16";"15";83;71;73;168;"2,8";",2";22;6;2021
"4143";2021-06-22;"1400 UTC";"0";"957,7";"957,9";"957,7";"1065,2";"20,7";"15,4";"21,2";"20";"15,9";"14,8";75;69;72;215;"2";",8";22;6;2021
"4144";2021-06-22;"1500 UTC";"0";"957,5";"957,7";"957,4";"1450";"21,5";"14,9";"22,4";"20,7";"16,2";"14,6";72;64;66;38;"2,5";",8";22;6;2021
"4145";2021-06-22;"1600 UTC";"0";"956,5";"957,5";"956,5";"1709,5";"22,5";"14,6";"23";"21,5";"15,6";"14,2";67;59;61;323;"3,2";"1,3";22;6;2021
"4146";2021-06-22;"1700 UTC";"0";"955,9";"956,5";"955,8";"1279,9";"23,1";"14";"23,3";"22,2";"15,2";"13,8";62;57;57;322;"3,2";"1";22;6;2021
"4147";2021-06-22;"1800 UTC";"0";"955,6";"955,9";"955,6";"1321,6";"23";"14,4";"23,7";"22,7";"15,2";"13,1";61;54;59;265;"3,3";",7";22;6;2021
"4148";2021-06-22;"1900 UTC";"0";"955,7";"955,7";"955,5";"581,7";"22,3";"15,1";"23,3";"22,2";"15,1";"13,7";64;56;64;334;"3,6";"1,6";22;6;2021
"4149";2021-06-22;"2000 UTC";"0";"955,8";"955,8";"955,6";"297,9";"21,8";"15,2";"22,5";"21,6";"15,5";"14,5";68;61;66;250;"2,9";",6";22;6;2021
"4150";2021-06-22;"2100 UTC";"0";"956";"956";"955,6";"32,1";"20,5";"15,9";"21,8";"20,5";"15,9";"14,9";75;66;75;278;"2,2";",9";22;6;2021
"4151";2021-06-22;"2200 UTC";"0";"956,1";"956,1";"955,9";"";"19,8";"16,8";"20,5";"19,7";"16,8";"15,8";83;75;83;271;"2,2";",9";22;6;2021
"4152";2021-06-22;"2300 UTC";"0";"956,4";"956,5";"956,1";"";"19,9";"15,9";"19,9";"19,3";"16,8";"15,9";83;78;78;235;"3,4";"2,2";22;6;2021
"4153";2021-06-23;"0000 UTC";"0";"956,9";"956,9";"956,4";"";"19,9";"15,8";"19,9";"19,7";"15,9";"15,7";78;77;77;237;"3,9";"1,7";23;6;2021
"4154";2021-06-23;"0100 UTC";"0";"957,1";"957,1";"956,7";"";"19,7";"15,8";"20";"19,6";"15,8";"15,6";79;77;78;222;"4";"1,8";23;6;2021
"4155";2021-06-23;"0200 UTC";"0";"957,1";"957,3";"957,1";"";"19,2";"16";"19,7";"19,2";"16";"15,8";82;78;82;214;"4";"1,5";23;6;2021
"4156";2021-06-23;"0300 UTC";"0";"956,9";"957,2";"956,9";"";"18,9";"15,4";"19,2";"18,8";"16";"15,4";83;80;80;227;"4,9";"2,4";23;6;2021
"4157";2021-06-23;"0400 UTC";"0";"957,1";"957,1";"956,9";"";"19";"15,3";"19,1";"18,8";"15,4";"15,3";80;79;79;218;"5,2";"2,1";23;6;2021
"4158";2021-06-23;"0500 UTC";"0";"957";"957,2";"957";"";"18,6";"15,2";"19,1";"18,6";"15,3";"15,2";81;79;80;212;"7,9";"3,5";23;6;2021
"4159";2021-06-23;"0600 UTC";"0";"956,7";"957";"956,7";"";"17,6";"14,8";"18,6";"17,6";"15,2";"14,7";84;80;84;223;"7,5";"3";23;6;2021
"4160";2021-06-23;"0700 UTC";"0";"956,5";"956,7";"956,5";"";"16,9";"13,2";"17,6";"16,9";"14,8";"13,2";84;79;79;218;"8,4";"4";23;6;2021
"4161";2021-06-23;"0800 UTC";"0";"956,4";"956,5";"956,3";"";"16,4";"12,7";"16,9";"16,4";"13,2";"12,7";79;78;79;220;"8,9";"4,5";23;6;2021
"4162";2021-06-23;"0900 UTC";"0";"956,9";"956,9";"956,4";"";"16";"12,2";"16,4";"15,9";"12,7";"12,2";79;78;79;218;"8,9";"3";23;6;2021
"4163";2021-06-23;"1000 UTC";"0";"957,5";"957,5";"956,9";"2,5";"15,5";"12";"15,9";"15,5";"12,2";"12";80;79;80;215;"7,1";"2,9";23;6;2021
"4164";2021-06-23;"1100 UTC";"0";"958,1";"958,1";"957,5";"265,8";"16,7";"12,1";"16,7";"15,5";"12,2";"12";80;74;74;228;"8,5";"3,1";23;6;2021
"4165";2021-06-23;"1200 UTC";"0";"958,8";"958,9";"958,1";"828,7";"17,9";"12";"17,9";"16,7";"12,3";"11,8";74;68;68;222;"7,5";"4,1";23;6;2021
"4166";2021-06-23;"1300 UTC";"0";"959,2";"959,2";"958,8";"1651,6";"19,5";"11,8";"19,9";"17,9";"12,6";"11,8";69;60;61;214;"7,4";"3,7";23;6;2021
"4167";2021-06-23;"1400 UTC";"0";"958,6";"959,3";"958,6";"2139,6";"20,9";"12,2";"21";"19,4";"12,5";"11,7";63;57;58;215;"8,8";"4,2";23;6;2021
"4168";2021-06-23;"1500 UTC";"0";"958";"958,6";"958";"2393,9";"21,4";"11,8";"21,9";"20,7";"12,9";"11,8";58;54;54;213;"9,6";"4,5";23;6;2021
"4169";2021-06-23;"1600 UTC";"0";"957";"958";"956,9";"2441,2";"22,5";"12,7";"22,5";"21,4";"12,7";"11,7";55;52;54;217;"9,6";"3,6";23;6;2021
"4170";2021-06-23;"1700 UTC";"0";"956,4";"957";"956,3";"2194,2";"22,4";"12,2";"22,9";"22";"12,7";"11,9";54;51;52;216;"8,5";"4,1";23;6;2021
"4171";2021-06-23;"1800 UTC";"0";"955,7";"956,4";"955,7";"1805,7";"22,8";"12,8";"23,1";"22,3";"13,1";"12";54;51;53;211;"7,8";"3,9";23;6;2021
"4172";2021-06-23;"1900 UTC";"0";"955,3";"955,7";"955,3";"1236,6";"22,2";"12,5";"23";"22,2";"13";"12,5";55;53;54;216;"9,1";"3,7";23;6;2021
"4173";2021-06-23;"2000 UTC";"0";"955,1";"955,3";"955,1";"506,3";"21";"13";"22,3";"21";"13";"12,4";61;54;61;219;"8,2";"3,8";23;6;2021
"4174";2021-06-23;"2100 UTC";"0";"954,8";"955,1";"954,8";"24";"19,7";"12,8";"21";"19,7";"13,1";"12,8";65;61;64;215;"8,4";"4";23;6;2021
"4175";2021-06-23;"2200 UTC";"0";"955,3";"955,4";"954,8";"";"19";"12,3";"19,7";"19";"12,8";"12,3";65;64;65;215;"8,4";"3,3";23;6;2021
"4176";2021-06-23;"2300 UTC";"0";"955,9";"956";"955,2";"";"18,7";"11,7";"19";"18,7";"12,3";"11,7";65;63;64;209;"7,6";"3,3";23;6;2021
"4177";2021-06-24;"0000 UTC";"0";"955,9";"956,2";"955,9";"";"18,5";"10,9";"18,8";"18,5";"11,7";"10,9";64;61;61;212;"7,4";"3";24;6;2021
"4178";2021-06-24;"0100 UTC";"0";"955,8";"956,2";"955,8";"";"18,4";"10,4";"18,7";"18,3";"10,9";"10,4";61;60;60;215;"9";"3,6";24;6;2021
"4179";2021-06-24;"0200 UTC";"0";"955,5";"955,9";"955,5";"";"17,9";"10,3";"18,4";"17,8";"10,4";"10,3";61;60;61;210;"10,2";"4,6";24;6;2021
"4180";2021-06-24;"0300 UTC";"0";"954,4";"955,6";"954,4";"";"17,5";"10,3";"18";"17,5";"10,3";"10,2";63;61;63;213;"11,3";"5,7";24;6;2021
"4181";2021-06-24;"0400 UTC";"0";"953,8";"954,4";"953,8";"";"17,1";"10";"17,5";"17,1";"10,3";"10";64;63;63;216;"12,4";"5";24;6;2021
"4182";2021-06-24;"0500 UTC";"0";"952,8";"953,9";"952,7";"";"16,8";"9,6";"17,1";"16,8";"10";"9,6";64;62;62;214;"11";"4,6";24;6;2021
"4183";2021-06-24;"0600 UTC";"0";"952,3";"952,8";"952";"";"16,4";"9,8";"16,9";"16,3";"9,8";"9,5";65;62;65;210;"11";"4,2";24;6;2021
"4184";2021-06-24;"0700 UTC";"0";"952,2";"952,7";"952,2";"";"16";"9,8";"16,5";"16";"9,9";"9,8";67;65;67;204;"9,3";"4,2";24;6;2021
"4185";2021-06-24;"0800 UTC";"0";"951,7";"952,2";"951,4";"";"15,7";"10";"16,1";"15,7";"10";"9,8";69;67;69;196;"9,9";"3,9";24;6;2021
"4186";2021-06-24;"0900 UTC";"0";"952,3";"952,4";"951,7";"";"15,4";"10,2";"15,7";"15,4";"10,2";"10";71;69;71;195;"7,2";"2,1";24;6;2021
"4187";2021-06-24;"1000 UTC";"0";"953";"953";"952,3";"4";"15,5";"10,3";"15,6";"15,1";"10,4";"10,1";72;71;72;194;"6,9";"2,4";24;6;2021
"4188";2021-06-24;"1100 UTC";"0";"953,9";"954";"953";"292,1";"16,6";"10,5";"16,7";"15,5";"10,7";"10,3";72;67;67;184;"5,8";"2,8";24;6;2021
"4189";2021-06-24;"1200 UTC";"0";"954,5";"954,5";"953,8";"1030,3";"18,5";"11,2";"18,6";"16,6";"11,4";"10,6";68;62;62;178;"6,9";"3";24;6;2021
"4190";2021-06-24;"1300 UTC";"0";"955";"955";"954,5";"1656,5";"20,7";"12,3";"20,7";"18,4";"12,3";"11";63;57;59;170;"7,1";"3,3";24;6;2021
"4191";2021-06-24;"1400 UTC";"0";"954,4";"955";"954,4";"1974,4";"22";"12,2";"22,1";"20,8";"12,4";"11,7";59;53;54;161;"9,8";"4,1";24;6;2021
"4192";2021-06-24;"1500 UTC";"0";"953,6";"954,4";"953,6";"1933,4";"22,3";"12,1";"23,3";"21,8";"13,1";"11,9";55;51;52;145;"9,8";"3,7";24;6;2021
"4193";2021-06-24;"1600 UTC";"0";"952,6";"953,6";"952,6";"1881";"24,7";"12,8";"24,7";"22,4";"13";"12";53;48;48;147;"8,4";"3,4";24;6;2021
"4194";2021-06-24;"1700 UTC";"0";"951,9";"952,6";"951,9";"2033,3";"24,5";"12,3";"25,3";"24,1";"12,8";"11,8";48;44;47;136;"9,4";"3,1";24;6;2021
"4195";2021-06-24;"1800 UTC";"0";"951,4";"951,9";"951,4";"1263,3";"24,8";"12,9";"25,1";"24,1";"13,4";"12";49;46;48;132;"7,8";"3,5";24;6;2021
"4196";2021-06-24;"1900 UTC";"0";"951,3";"951,4";"951,2";"908,4";"24,6";"13,5";"25,2";"24,3";"13,7";"12,6";51;47;50;134;"6,9";"2,4";24;6;2021
"4197";2021-06-24;"2000 UTC";"0";"951,4";"951,5";"951,2";"362";"23,7";"14,1";"24,7";"23,7";"14,1";"13,5";55;50;55;157;"5,3";"1,4";24;6;2021
"4198";2021-06-24;"2100 UTC";"0";"951,6";"951,6";"951,3";"24,3";"22,1";"14,2";"23,7";"22,1";"14,2";"14";61;55;61;222;"3,5";"1,1";24;6;2021
"4199";2021-06-24;"2200 UTC";"0";"951,9";"952";"951,6";"";"21,8";"14,3";"22,2";"21,5";"14,5";"14,2";64;61;62;211;"2,2";"1";24;6;2021
"4200";2021-06-24;"2300 UTC";"0";"952,3";"952,3";"951,9";"";"21,4";"14,3";"22";"21,4";"14,3";"14,2";64;62;64;240;"1,8";",3";24;6;2021
"4201";2021-06-25;"0000 UTC";"0";"952,6";"952,6";"952,3";"";"21";"14,1";"21,6";"21";"14,5";"14,1";65;63;65;248;"1,6";",7";25;6;2021
"4202";2021-06-25;"0100 UTC";"0";"952,5";"952,6";"952,5";"";"20,5";"14,1";"21";"20,5";"14,2";"14";67;65;67;248;"1,8";",7";25;6;2021
"4203";2021-06-25;"0200 UTC";"0";"952,4";"952,6";"952,4";"";"20,5";"14,1";"20,9";"20,5";"14,2";"13,9";67;65;67;251;"1,5";",8";25;6;2021
"4204";2021-06-25;"0300 UTC";",2";"952,4";"952,8";"952,3";"";"19,2";"14,9";"21";"19,2";"14,9";"14";76;65;76;279;"2,7";",1";25;6;2021
"4205";2021-06-25;"0400 UTC";"0";"952,2";"952,5";"952,2";"";"19,1";"15,5";"19,4";"18,8";"15,9";"15";83;76;79;234;"2,7";"1,6";25;6;2021
"4206";2021-06-25;"0500 UTC";"0";"952";"952,3";"952";"";"19,9";"15,2";"20";"19,1";"15,6";"15,2";79;74;75;159;"2,1";",3";25;6;2021
"4207";2021-06-25;"0600 UTC";"0";"952";"952";"951,8";"";"18,4";"15,5";"19,9";"18,4";"15,9";"15,2";83;75;83;271;"1,3";",2";25;6;2021
"4208";2021-06-25;"0700 UTC";"0";"951,9";"952";"951,9";"";"19,9";"14,9";"20";"18,4";"15,7";"14,9";83;73;73;235;"2";"1,4";25;6;2021
"4209";2021-06-25;"0800 UTC";"0";"952";"952,1";"951,9";"";"19,3";"14,9";"20,1";"19";"15";"14,6";76;71;76;235;"1,9";"0";25;6;2021
"4210";2021-06-25;"0900 UTC";"0";"952,5";"952,5";"952";"";"18,3";"14,6";"19,3";"18,2";"15,2";"14,6";81;75;79;271;"1";",5";25;6;2021
"4211";2021-06-25;"1000 UTC";"0";"953";"953";"952,5";"1,8";"18,5";"14,8";"18,9";"18";"15,1";"14,5";81;77;79;257;"1,6";"1,2";25;6;2021
"4212";2021-06-25;"1100 UTC";"0";"953,7";"953,7";"953";"310,5";"21,5";"14,9";"21,6";"18,4";"15,5";"14,7";79;65;66;235;"2";"1";25;6;2021
"4213";2021-06-25;"1200 UTC";"0";"954,6";"954,6";"953,7";"764,6";"21,8";"16,6";"22,5";"21,2";"16,6";"14,6";74;63;72;96;"2,7";",3";25;6;2021
"4214";2021-06-25;"1300 UTC";"0";"954,7";"954,7";"954,6";"1274,9";"24,1";"14,7";"24,4";"21,8";"16,6";"14,5";72;54;56;151;"2,2";"1,1";25;6;2021
"4215";2021-06-25;"1400 UTC";"0";"954,8";"955";"954,7";"1218,4";"23,5";"15,9";"24,3";"23";"17,1";"14,4";66;55;63;104;"3,1";"1,5";25;6;2021
"4216";2021-06-25;"1500 UTC";"0";"954,3";"954,9";"954,3";"1125,8";"24,1";"15,6";"24,4";"22,7";"17,1";"15,5";70;59;59;132;"3,4";"1,5";25;6;2021
"4217";2021-06-25;"1600 UTC";"0";"953,6";"954,3";"953,6";"763,3";"24,2";"15,9";"25,1";"24";"17,1";"15,9";63;58;60;159;"2,8";",8";25;6;2021
"4218";2021-06-25;"1700 UTC";"0";"953,1";"953,6";"953,1";"829,8";"26";"15,9";"26";"24,1";"16,8";"15,9";62;54;54;190;"2";",8";25;6;2021
"4219";2021-06-25;"1800 UTC";"0";"952,6";"953,1";"952,6";"971";"25,9";"16,6";"26,9";"25,8";"16,7";"15,3";57;50;56;174;"3,3";"1,5";25;6;2021
"4220";2021-06-25;"1900 UTC";"0";"952,5";"952,6";"952,5";"1020,2";"26,7";"16,8";"26,9";"25,6";"17,4";"16,1";59;52;55;155;"4,1";"1,5";25;6;2021
"4221";2021-06-25;"2000 UTC";"0";"952,6";"952,7";"952,5";"461,8";"25,9";"16,6";"26,9";"25,9";"16,8";"15,6";57;50;57;197;"3,2";",8";25;6;2021
"4222";2021-06-25;"2100 UTC";"0";"952,7";"952,8";"952,6";"27,1";"23,7";"17,2";"25,9";"23,7";"17,4";"16,7";67;57;67;212;"3,3";"1,4";25;6;2021
"4223";2021-06-25;"2200 UTC";"0";"953";"953";"952,7";"";"22,8";"16,8";"23,7";"22,8";"17,2";"16,8";70;67;69;214;"4,5";"1,9";25;6;2021
"4224";2021-06-25;"2300 UTC";"0";"953,1";"953,1";"952,9";"";"22,2";"16,2";"22,8";"22,2";"16,8";"16,1";69;68;69;214;"4,7";"1,7";25;6;2021
"4225";2021-06-26;"0000 UTC";"0";"952,9";"953,2";"952,9";"";"21,7";"15,5";"22,2";"21,7";"16,2";"15,5";69;68;68;216;"4,1";"1,9";26;6;2021
"4226";2021-06-26;"0100 UTC";"0";"952,9";"953";"952,9";"";"21,4";"15";"21,8";"21,4";"15,5";"15";68;66;67;214;"3,9";"1,9";26;6;2021
"4227";2021-06-26;"0200 UTC";"0";"952,9";"953";"952,8";"";"21,2";"14,7";"21,6";"21,1";"15,1";"14,7";67;66;67;211;"4";"1,9";26;6;2021
"4228";2021-06-26;"0300 UTC";"0";"952,8";"953";"952,8";"";"20,9";"14,7";"21,2";"20,7";"14,8";"14,6";68;67;68;211;"4,7";"2,4";26;6;2021
"4229";2021-06-26;"0400 UTC";"0";"952,8";"952,9";"952,8";"";"20,8";"14,7";"21,1";"20,8";"14,8";"14,7";68;67;68;210;"5,2";"2";26;6;2021
"4230";2021-06-26;"0500 UTC";"0";"952,5";"952,8";"952,4";"";"20,8";"14,8";"21";"20,7";"14,9";"14,7";69;68;69;207;"5,3";"1,6";26;6;2021
"4231";2021-06-26;"0600 UTC";"0";"952,1";"952,5";"952,1";"";"20,2";"14,8";"20,8";"19,9";"14,9";"14,6";72;68;71;216;"3,1";"1,6";26;6;2021
"4232";2021-06-26;"0700 UTC";"0";"951,9";"952,1";"951,8";"";"20,4";"14,5";"20,7";"20,2";"14,8";"14,5";71;68;69;218;"4,7";"2,3";26;6;2021
"4233";2021-06-26;"0800 UTC";"0";"951,8";"951,9";"951,7";"";"19,9";"14,1";"20,4";"19,9";"14,5";"14";70;68;69;219;"4";"1,8";26;6;2021
"4234";2021-06-26;"0900 UTC";"0";"952,2";"952,3";"951,8";"";"19,3";"13,9";"19,9";"19";"14,1";"13,8";73;69;71;212;"4,1";"1,3";26;6;2021
"4235";2021-06-26;"1000 UTC";"0";"952,8";"952,9";"952,2";"1,8";"18,4";"14";"19,4";"18,1";"14";"13,6";76;70;76;203;"2,6";",6";26;6;2021
"4236";2021-06-26;"1100 UTC";"0";"953,4";"953,5";"952,8";"291";"20,9";"13,9";"20,9";"18,4";"14";"13,7";76;64;64;202;"6,2";"2,6";26;6;2021
"4237";2021-06-26;"1200 UTC";"0";"954";"954";"953,4";"994,4";"22,5";"14,1";"22,6";"20,9";"14,3";"13,8";64;58;59;192;"7,6";"2,9";26;6;2021
"4238";2021-06-26;"1300 UTC";"0";"954,4";"954,4";"954";"1521,2";"23,6";"14";"24,3";"22,4";"14,6";"13,8";60;53;55;185;"7,9";"2,5";26;6;2021
"4239";2021-06-26;"1400 UTC";"0";"953,8";"954,4";"953,8";"1967,1";"25,9";"14,2";"25,9";"23,5";"14,6";"13,8";56;48;48;190;"7,2";"2,7";26;6;2021
"4240";2021-06-26;"1500 UTC";"0";"953,3";"953,8";"953,3";"2411,4";"27,1";"13,6";"27,2";"25,9";"14,5";"12,9";49;42;44;166;"7,7";"3,3";26;6;2021
"4241";2021-06-26;"1600 UTC";"0";"952,4";"953,3";"952,4";"2415,8";"27,3";"13,1";"28";"27,1";"13,8";"12,6";44;40;42;134;"8,9";"3,4";26;6;2021
"4242";2021-06-26;"1700 UTC";"0";"951,8";"952,5";"951,7";"2142,7";"27,7";"13,1";"28,2";"26,8";"13,7";"12,4";43;39;41;127;"8,9";"3,6";26;6;2021
"4243";2021-06-26;"1800 UTC";"0";"951,3";"951,8";"951,3";"1792,8";"28,1";"13,5";"28,2";"27,5";"14";"12,6";42;39;41;144;"7,7";"2,6";26;6;2021
"4244";2021-06-26;"1900 UTC";"0";"950,9";"951,3";"950,8";"1176,4";"27,8";"13";"28,2";"27,7";"14,1";"12,7";42;39;40;135;"6,8";"2,8";26;6;2021
"4245";2021-06-26;"2000 UTC";"0";"950,9";"950,9";"950,8";"481,3";"26,7";"12,6";"27,9";"26,7";"13,2";"12,4";42;39;42;156;"7,1";"2,1";26;6;2021
"4246";2021-06-26;"2100 UTC";"0";"950,9";"950,9";"950,8";"23,8";"25,1";"13,5";"26,7";"25";"13,5";"12,6";49;42;49;185;"4,6";"1,7";26;6;2021
"4247";2021-06-26;"2200 UTC";"0";"951,5";"951,5";"950,9";"";"23,3";"14,3";"25,1";"23,3";"14,3";"13,4";57;49;57;218;"4,2";"1,8";26;6;2021
"4248";2021-06-26;"2300 UTC";"0";"951,7";"951,7";"951,4";"";"22,4";"15";"23,3";"22,4";"15,1";"14,3";63;57;63;215;"3,7";"1,9";26;6;2021
"4249";2021-06-27;"0000 UTC";"0";"951,9";"952";"951,6";"";"22,1";"14,7";"22,6";"22,1";"15,1";"14,7";63;62;63;211;"4,1";"2";27;6;2021
"4250";2021-06-27;"0100 UTC";"0";"952,1";"952,1";"951,8";"";"21,2";"14,4";"22,1";"21,2";"14,7";"14,3";65;63;65;185;"3,9";",4";27;6;2021
"4251";2021-06-27;"0200 UTC";"0";"952,4";"952,4";"952,1";"";"21,3";"13,4";"21,3";"20,9";"14,4";"13,4";65;61;61;193;"2,7";"1,5";27;6;2021
"4252";2021-06-27;"0300 UTC";"0";"952,2";"952,4";"952,1";"";"20,8";"12,7";"21,7";"20,8";"13,4";"12,6";61;56;60;199;"3,5";"1,2";27;6;2021
"4253";2021-06-27;"0400 UTC";"0";"952,2";"952,2";"952,1";"";"19,8";"12,2";"20,9";"19,8";"12,8";"12,1";62;59;62;179;"2,4";",2";27;6;2021
"4254";2021-06-27;"0500 UTC";"0";"951,9";"952,2";"951,9";"";"19,7";"11,8";"20,5";"19,7";"12,3";"11,5";62;57;60;190;"2,5";",5";27;6;2021
"4255";2021-06-27;"0600 UTC";"0";"951,8";"951,9";"951,8";"";"19,3";"11,7";"20";"19,1";"11,9";"11,4";62;58;62;168;"1,8";",5";27;6;2021
"4256";2021-06-27;"0700 UTC";"0";"951,5";"951,8";"951,5";"";"18,5";"11,8";"19,3";"18,2";"12,1";"11,6";67;61;65;169;"1,5";",5";27;6;2021
"4257";2021-06-27;"0800 UTC";"0";"951,3";"951,6";"951,3";"";"18,7";"11,2";"19,1";"18,5";"11,8";"11,2";65;61;62;187;"3,4";"1,7";27;6;2021
"4258";2021-06-27;"0900 UTC";"0";"951,7";"951,8";"951,3";"";"19,1";"10,4";"19,1";"18,4";"11,2";"10,4";62;57;57;172;"4,3";"2,1";27;6;2021
"4259";2021-06-27;"1000 UTC";"0";"952,2";"952,2";"951,7";",5";"18,9";"10,1";"19,4";"18,8";"10,4";"10,1";57;56;57;169;"4,3";"1,7";27;6;2021
"4260";2021-06-27;"1100 UTC";"0";"952,8";"952,8";"952,2";"324,5";"20,1";"10,2";"20,2";"18,9";"10,2";"10";57;52;53;165;"4,4";"2,2";27;6;2021
"4261";2021-06-27;"1200 UTC";"0";"953,4";"953,4";"952,8";"957,9";"21";"10,4";"21,5";"20,1";"10,8";"10";53;50;51;142;"5,7";"2,7";27;6;2021
"4262";2021-06-27;"1300 UTC";"0";"953,3";"953,5";"953,3";"1665";"23,1";"11,2";"23,3";"21";"11,5";"10,3";52;46;47;131;"6,2";"2,7";27;6;2021
"4263";2021-06-27;"1400 UTC";"0";"952,9";"953,3";"952,8";"2169";"25,1";"11";"25,3";"23,1";"12,1";"10,9";48;41;41;116;"7,4";"3,2";27;6;2021
"4264";2021-06-27;"1500 UTC";"0";"952,7";"952,9";"952,6";"2303";"25,8";"10,3";"26,6";"25,1";"11,5";"9,6";41;35;38;100;"9,6";"3,5";27;6;2021
"4265";2021-06-27;"1600 UTC";"0";"951,8";"952,7";"951,8";"2200,9";"27,3";"10,7";"27,5";"25,7";"11,2";"9,2";39;34;36;112;"11,7";"3,1";27;6;2021
"4266";2021-06-27;"1700 UTC";"0";"951,3";"951,8";"951,3";"2162";"28";"9";"28,3";"27";"11,2";"8,6";36;30;30;94;"8,5";"3,7";27;6;2021
"4267";2021-06-27;"1800 UTC";"0";"951,1";"951,4";"951,1";"1409,6";"27,8";"9,8";"28,2";"26,6";"10,2";"8,6";34;31;32;75;"7,2";"3,4";27;6;2021
"4268";2021-06-27;"1900 UTC";"0";"951,5";"951,5";"951";"1223,7";"25,8";"13,8";"28";"25,7";"14,2";"8,9";49;31;47;27;"7,5";"2,9";27;6;2021
"4269";2021-06-27;"2000 UTC";"0";"951,9";"951,9";"951,4";"500,4";"22,8";"14,9";"25,8";"22,8";"15,1";"13,7";61;47;61;23;"6,6";"2,3";27;6;2021
"4270";2021-06-27;"2100 UTC";"0";"952,5";"952,6";"951,9";"24,1";"20";"14,7";"22,8";"20";"14,9";"14,5";72;61;72;14;"8,3";"3,6";27;6;2021
"4271";2021-06-27;"2200 UTC";"0";"953,2";"953,2";"952,5";"";"17,5";"13,9";"20";"17,4";"14,7";"13,8";79;72;79;5;"11";"4";27;6;2021
"4272";2021-06-27;"2300 UTC";"0";"954,3";"954,3";"953,2";"";"16,1";"12,9";"17,5";"16";"13,9";"12,8";82;79;82;358;"9,4";"3,6";27;6;2021
"4273";2021-06-28;"0000 UTC";"0";"955";"955";"954,3";"";"15";"12,1";"16,1";"15";"12,9";"12,1";84;82;83;12;"8,2";"1,9";28;6;2021
"4274";2021-06-28;"0100 UTC";"0";"955,6";"955,6";"955";"";"14";"11,9";"15";"13,9";"12,1";"11,6";87;83;87;353;"7,8";"2,3";28;6;2021
"4275";2021-06-28;"0200 UTC";"0";"956,1";"956,1";"955,6";"";"13,8";"11,7";"14,1";"13,7";"12";"11,6";87;86;87;2;"6,8";"2,7";28;6;2021
"4276";2021-06-28;"0300 UTC";"0";"956";"956,3";"955,9";"";"13,5";"11,1";"14";"13,5";"11,9";"11,1";88;85;85;349;"6,9";"2,6";28;6;2021
"4277";2021-06-28;"0400 UTC";"0";"955,9";"956";"955,8";"";"13,2";"10,6";"13,5";"13,2";"11,2";"10,6";86;84;84;342;"6";"1,6";28;6;2021
"4278";2021-06-28;"0500 UTC";"0";"956";"956,2";"955,9";"";"12,7";"9,7";"13,2";"12,7";"10,6";"9,7";84;81;82;354;"7,2";"2,7";28;6;2021
"4279";2021-06-28;"0600 UTC";"0";"955,5";"956";"955,5";"";"12,5";"9,4";"12,7";"12,5";"9,8";"9,4";82;81;81;338;"6,5";"3,1";28;6;2021
"4280";2021-06-28;"0700 UTC";"0";"955,9";"955,9";"955,5";"";"12,2";"9,1";"12,5";"12,2";"9,4";"9,1";82;81;81;354;"6,9";"3,5";28;6;2021
"4281";2021-06-28;"0800 UTC";"0";"955,8";"956";"955,6";"";"12";"8,8";"12,3";"12";"9,1";"8,8";82;81;81;335;"7,1";"2,1";28;6;2021
"4282";2021-06-28;"0900 UTC";"0";"956,2";"956,2";"955,7";"";"11,8";"8,6";"12";"11,7";"8,8";"8,5";82;81;81;336;"8";"3,4";28;6;2021
"4283";2021-06-28;"1000 UTC";"0";"956,8";"957";"956,2";"2,9";"11,7";"8,4";"11,8";"11,6";"8,7";"8,3";81;80;80;339;"7,4";"3,4";28;6;2021
"4284";2021-06-28;"1100 UTC";"0";"957,1";"957,1";"956,7";"127,6";"11,8";"8,7";"11,8";"11,4";"8,7";"8,3";82;80;81;335;"6,9";"2,5";28;6;2021
"4285";2021-06-28;"1200 UTC";"0";"958,5";"958,5";"957,1";"376,5";"12,1";"8,4";"12,1";"11,7";"8,7";"8,3";81;78;78;342;"10,1";"5,6";28;6;2021
"4286";2021-06-28;"1300 UTC";"0";"959,1";"959,1";"958,4";"1238,9";"14,1";"8,3";"14,2";"12,1";"8,6";"7,6";78;68;68;348;"11";"3,9";28;6;2021
"4287";2021-06-28;"1400 UTC";"0";"959,4";"959,4";"958,8";"1305,3";"13,9";"8,3";"14,1";"13,3";"8,3";"7,5";69;67;69;357;"8,2";"4";28;6;2021
"4288";2021-06-28;"1500 UTC";"0";"958,8";"959,5";"958,8";"1424,9";"13,8";"6,9";"14,7";"13,4";"8,2";"6,9";69;62;63;342;"9,1";"5,3";28;6;2021
"4289";2021-06-28;"1600 UTC";"0";"958,6";"958,9";"958,4";"1140,6";"13,4";"5,6";"14,3";"13,2";"7,2";"5,5";64;59;59;351;"10";"4,8";28;6;2021
"4290";2021-06-28;"1700 UTC";"0";"958,5";"958,8";"958,1";"733,8";"12,3";"5,1";"13,5";"12,3";"5,7";"4,9";62;57;62;336;"11,6";"6,1";28;6;2021
"4291";2021-06-28;"1800 UTC";"0";"959,1";"959,1";"958,3";"273";"10,7";"5,3";"12,3";"10,7";"5,6";"5,1";69;62;69;344;"12,4";"6,4";28;6;2021
"4292";2021-06-28;"1900 UTC";"0";"959,5";"959,5";"959,1";"156";"9,3";"5";"10,9";"9,3";"5,6";"4,9";75;69;75;346;"13,2";"6,2";28;6;2021
"4293";2021-06-28;"2000 UTC";"0";"959,9";"960";"959,5";"38,6";"8,1";"6,1";"9,3";"8,1";"6,2";"5";87;74;87;336;"12,1";"5,6";28;6;2021
"4294";2021-06-28;"2100 UTC";",8";"960,7";"960,7";"959,8";"1,5";"7,3";"6,3";"8,1";"7,3";"6,4";"6";93;87;93;344;"10,9";"4,4";28;6;2021
"4295";2021-06-28;"2200 UTC";"1";"961,1";"961,3";"960,6";"";"6,6";"5,4";"7,3";"6,6";"6,3";"5,4";94;92;92;338;"10";"5,9";28;6;2021
"4296";2021-06-28;"2300 UTC";",8";"961,8";"962,2";"961,1";"";"6,3";"4,4";"6,6";"6,2";"5,4";"3,9";92;84;88;339;"12,8";"5,6";28;6;2021
"4297";2021-06-29;"0000 UTC";"1";"962,6";"962,7";"961,8";"";"6,6";"5,3";"6,6";"6,3";"5,3";"4,5";91;88;91;337;"12,8";"4,2";29;6;2021
"4298";2021-06-29;"0100 UTC";",4";"962,6";"962,9";"962,3";"";"6,7";"5,6";"6,7";"6,5";"5,7";"5,2";93;91;93;343;"8,6";"3,9";29;6;2021
"4299";2021-06-29;"0200 UTC";"0";"962,8";"962,8";"962,4";"";"6,3";"5,1";"6,7";"6,2";"5,7";"4,9";93;90;92;358;"7,9";"3,6";29;6;2021
"4300";2021-06-29;"0300 UTC";"0";"962,8";"962,9";"962,7";"";"5,4";"3,4";"6,3";"5,4";"5,1";"3,4";92;87;87;335;"9,7";"4,8";29;6;2021
"4301";2021-06-29;"0400 UTC";"";"";"";"";"";"";"";"";"";"";"";.;.;.;.;"";"";29;6;2021
"4302";2021-06-29;"0500 UTC";"";"";"";"";"";"";"";"";"";"";"";.;.;.;.;"";"";29;6;2021
"4303";2021-06-29;"0600 UTC";"";"";"";"";"";"";"";"";"";"";"";.;.;.;.;"";"";29;6;2021
"4304";2021-06-29;"0700 UTC";"";"";"";"";"";"";"";"";"";"";"";.;.;.;.;"";"";29;6;2021
"4305";2021-06-29;"0800 UTC";"";"";"";"";"";"";"";"";"";"";"";.;.;.;.;"";"";29;6;2021
"4306";2021-06-29;"0900 UTC";"";"";"";"";"";"";"";"";"";"";"";.;.;.;.;"";"";29;6;2021
"4307";2021-06-29;"1000 UTC";"";"";"";"";"";"";"";"";"";"";"";.;.;.;.;"";"";29;6;2021
"4308";2021-06-29;"1100 UTC";"";"";"";"";"";"";"";"";"";"";"";.;.;.;.;"";"";29;6;2021
"4309";2021-06-29;"1200 UTC";"0";"964,5";"964,5";"963,7";"1334,9";"5,9";",5";"5,9";"3,9";",5";"-1,2";70;66;68;332;"8,8";"2,4";29;6;2021
"4310";2021-06-29;"1300 UTC";"0";"964,6";"964,8";"964,5";"1590,5";"6,3";",6";"6,5";"5,6";"1,1";"-,3";70;63;67;323;"7,9";"3,9";29;6;2021
"4311";2021-06-29;"1400 UTC";"0";"964,6";"965";"964,5";"1852,7";"7,3";"-,8";"7,3";"6,3";",8";"-1,8";67;54;57;340;"10,7";"4,3";29;6;2021
"4312";2021-06-29;"1500 UTC";"0";"964,2";"964,8";"964,2";"1827,1";"7,7";"-,9";"7,8";"6,7";"-,6";"-1,7";58;52;55;346;"8,6";"4,5";29;6;2021
"4313";2021-06-29;"1600 UTC";"0";"963,2";"964,3";"963,2";"2511,3";"9,5";"-,4";"9,6";"7,5";",8";"-1,2";58;50;50;337;"9,5";"3,2";29;6;2021
"4314";2021-06-29;"1700 UTC";"0";"962,5";"963,2";"962,5";"2274,4";"10,6";"-1,1";"10,6";"9,2";",4";"-2,3";53;44;45;338;"8,5";"4,4";29;6;2021
"4315";2021-06-29;"1800 UTC";"0";"962";"962,6";"961,8";"1881,9";"11,1";"-1";"11,9";"10,1";",7";"-2";49;41;43;5;"9,1";"3,6";29;6;2021
"4316";2021-06-29;"1900 UTC";"0";"961,9";"962,1";"961,8";"1227,1";"10,9";"-1,2";"11,9";"10,7";"-,1";"-1,8";45;41;43;340;"9,1";"3,3";29;6;2021
"4317";2021-06-29;"2000 UTC";"0";"962,1";"962,1";"961,9";"469,4";"10";"-,8";"11,1";"9,8";"-,3";"-1,9";49;41;47;357;"6,8";"2,7";29;6;2021
"4318";2021-06-29;"2100 UTC";"0";"962";"962,1";"962";"40,7";"8,8";"-,3";"9,9";"8,6";"-,2";"-1,3";54;46;53;359;"5,1";"1,5";29;6;2021
"4319";2021-06-29;"2200 UTC";"0";"962,2";"962,2";"962";"";"8,7";"-,3";"9";"8,3";"-,1";"-,4";55;53;53;354;"4";"1,7";29;6;2021
"4320";2021-06-29;"2300 UTC";"0";"962,2";"962,3";"962,1";"";"8,1";"-2,8";"8,7";"7,8";"-,3";"-2,9";56;45;46;349;"5";"2";29;6;2021
"4321";2021-06-30;"0000 UTC";"0";"962,4";"962,6";"962,2";"";"7,8";"-2,4";"8,3";"7,6";"-2,4";"-3,4";49;44;49;351;"5,5";"2";30;6;2021
"4322";2021-06-30;"0100 UTC";"";"";"";"";"";"";"";"";"";"";"";.;.;.;.;"";"";30;6;2021
"4323";2021-06-30;"0200 UTC";"0";"962,6";"962,6";"962,4";"";"6,4";"-1,4";"7,3";"6,4";"-1,4";"-1,7";58;53;58;346;"6,9";"3,7";30;6;2021
"4324";2021-06-30;"0300 UTC";"";"";"";"";"";"";"";"";"";"";"";.;.;.;.;"";"";30;6;2021
"4325";2021-06-30;"0400 UTC";"0";"961,7";"961,9";"961,6";"";"5,4";"-1,8";"5,8";"5,4";"-1,3";"-1,8";61;59;60;324;"9,4";"3,8";30;6;2021
"4326";2021-06-30;"0500 UTC";"";"";"";"";"";"";"";"";"";"";"";.;.;.;.;"";"";30;6;2021
"4327";2021-06-30;"0600 UTC";"";"";"";"";"";"";"";"";"";"";"";.;.;.;.;"";"";30;6;2021
"4328";2021-06-30;"0700 UTC";"";"";"";"";"";"";"";"";"";"";"";.;.;.;.;"";"";30;6;2021
"4329";2021-06-30;"0800 UTC";"0";"960,8";"961,1";"960,7";"";"3,4";"-1,2";"3,9";"3,2";"-1,1";"-1,7";72;69;72;291;"3,6";",4";30;6;2021
"4330";2021-06-30;"0900 UTC";"";"";"";"";"";"";"";"";"";"";"";.;.;.;.;"";"";30;6;2021
"4331";2021-06-30;"1000 UTC";"";"";"";"";"";"";"";"";"";"";"";.;.;.;.;"";"";30;6;2021
"4332";2021-06-30;"1100 UTC";"";"";"";"";"";"";"";"";"";"";"";.;.;.;.;"";"";30;6;2021
"4333";2021-06-30;"1200 UTC";"0";"962,6";"962,6";"962,1";"1168,5";"6,4";"-1";"6,4";"5,2";"-,6";"-1,7";63;59;60;297;"5,3";"1,2";30;6;2021
"4334";2021-06-30;"1300 UTC";"0";"962,7";"962,7";"962,6";"1857,8";"9";"-,1";"9,1";"6,3";",4";"-1,2";60;52;53;289;"3,7";",7";30;6;2021
"4335";2021-06-30;"1400 UTC";"0";"962,5";"962,7";"962,5";"2367";"11,2";",9";"11,2";"8,8";",9";"-1";53;47;49;271;"4,5";"1,7";30;6;2021
"4336";2021-06-30;"1500 UTC";"0";"962";"962,5";"962";"2637,3";"12,5";",2";"13,3";"10,7";"1,9";"-,2";50;42;43;252;"4,1";"1,5";30;6;2021
"4337";2021-06-30;"1600 UTC";"0";"961";"962";"961";"2674,2";"14";",8";"14,3";"12,3";"2";",3";47;40;41;317;"4,1";"1,3";30;6;2021
"4338";2021-06-30;"1700 UTC";"0";"960,2";"961";"960,2";"2447,6";"15,4";",5";"15,8";"14";"1,8";"-,3";41;34;36;325;"3,9";"1,3";30;6;2021
"4339";2021-06-30;"1800 UTC";"0";"959,7";"960,2";"959,7";"1991,3";"16,3";",4";"16,7";"15,2";"1,6";"-,4";37;33;34;286;"3,9";",2";30;6;2021
"4340";2021-06-30;"1900 UTC";"0";"959,5";"959,7";"959,5";"1332";"16,1";",1";"17,3";"16";"1,7";"-,1";35;32;34;220;"3,9";"0";30;6;2021
"4341";2021-06-30;"2000 UTC";"0";"959,6";"959,7";"959,4";"577,6";"16";",8";"16,9";"16";"1,6";"0";37;33;36;82;"2,5";"0";30;6;2021
"4342";2021-06-30;"2100 UTC";"0";"960";"960";"959,6";"20";"12,3";"2,4";"16";"11,8";"2,6";",3";53;35;51;4;"0";"0";30;6;2021
"4343";2021-06-30;"2200 UTC";"0";"960,4";"960,4";"960";"";"12,4";"2,1";"12,9";"12,3";"2,3";"2";51;48;50;297;"3,2";",3";30;6;2021
"4344";2021-06-30;"2300 UTC";"0";"960,9";"960,9";"960,4";"";"11,9";"2,4";"12,5";"11,9";"2,4";"2";52;49;52;283;"3,4";",7";30;6;2021
